2025-08-13 15:36:02.786 | INFO     | __main__:main:441 - Inicializando procesador de documentos legales...
2025-08-13 15:36:02.787 | ERROR    | __main__:inicializar_pinecone:102 - Error inicializando Pinecone: init is no longer a top-level attribute of the pinecone package.

Please create an instance of the Pinecone class instead.

Example:

    import os
    from pinecone import Pinecone, ServerlessSpec

    pc = Pinecone(
        api_key=os.environ.get("PINECONE_API_KEY")
    )

    # Now do stuff
    if 'my_index' not in pc.list_indexes().names():
        pc.create_index(
            name='my_index', 
            dimension=1536, 
            metric='euclidean',
            spec=ServerlessSpec(
                cloud='aws',
                region='us-west-2'
            )
        )


2025-08-13 15:36:02.789 | ERROR    | __main__:main:444 - No se pudo inicializar Pinecone. Verifica la configuración.
2025-08-13 15:36:50.343 | INFO     | __main__:main:442 - Inicializando procesador de documentos legales...
2025-08-13 15:36:51.186 | SUCCESS  | __main__:inicializar_pinecone:99 - Conectado al índice Pinecone: legal-documents-mx
2025-08-13 15:36:51.186 | INFO     | __main__:inicializar_modelo_embeddings:109 - Cargando modelo de embeddings...
2025-08-13 18:03:42.893 | INFO     | __main__:main:442 - Inicializando procesador de documentos legales...
2025-08-13 18:03:43.913 | SUCCESS  | __main__:inicializar_pinecone:99 - Conectado al índice Pinecone: legal-documents-mx
2025-08-13 18:03:43.914 | INFO     | __main__:inicializar_modelo_embeddings:109 - Cargando modelo de embeddings...
2025-08-13 18:09:35.172 | SUCCESS  | __main__:inicializar_modelo_embeddings:111 - Modelo de embeddings cargado exitosamente
2025-08-13 18:09:35.190 | INFO     | __main__:cargar_enlaces:129 - Cargados 783 enlaces desde enlaces_exhaustivos_completos.json
2025-08-13 18:09:35.190 | INFO     | __main__:procesar_todos_los_documentos:381 - Iniciando procesamiento de 783 documentos
2025-08-13 18:09:35.974 | INFO     | __main__:descargar_documento:158 - Descargado: wo51 - Impuesto sobre Servicios Expresamente declarados d...
2025-08-13 18:09:35.985 | INFO     | __main__:procesar_documento:233 - Procesado: wo51 - 2 chunks
2025-08-13 18:09:37.608 | SUCCESS  | __main__:generar_embeddings_y_subir:330 - Subido a Pinecone: wo51 - 2 chunks
2025-08-13 18:09:42.874 | INFO     | __main__:descargar_documento:158 - Descargado: wo33 - LEY FEDERAL DE PRESUPUESTO...
2025-08-13 18:09:43.165 | INFO     | __main__:procesar_documento:233 - Procesado: wo33 - 61 chunks
2025-08-13 18:09:51.470 | SUCCESS  | __main__:generar_embeddings_y_subir:330 - Subido a Pinecone: wo33 - 61 chunks
2025-08-13 18:09:53.474 | INFO     | __main__:descargar_documento:158 - Descargado: wo27 - LEY DEL MERCADO DE VALORES...
2025-08-13 18:09:54.143 | INFO     | __main__:descargar_documento:158 - Descargado: wo40 - LEY GENERAL DE SOCIEDADES...
2025-08-13 18:09:54.451 | INFO     | __main__:procesar_documento:233 - Procesado: wo40 - 16 chunks
2025-08-13 18:09:54.461 | INFO     | __main__:procesar_documento:233 - Procesado: wo27 - 129 chunks
2025-08-13 18:09:57.654 | SUCCESS  | __main__:generar_embeddings_y_subir:330 - Subido a Pinecone: wo40 - 16 chunks
2025-08-13 18:09:59.608 | INFO     | __main__:descargar_documento:158 - Descargado: wo41 - Ley General de Sociedades Mercantiles...
2025-08-13 18:09:59.901 | INFO     | __main__:procesar_documento:233 - Procesado: wo41 - 29 chunks
2025-08-13 18:10:15.253 | SUCCESS  | __main__:generar_embeddings_y_subir:330 - Subido a Pinecone: wo41 - 29 chunks
2025-08-13 18:10:19.705 | INFO     | __main__:descargar_documento:158 - Descargado: wo42 - LEY GENERAL DE TÍTULOS Y...
2025-08-13 18:10:20.045 | INFO     | __main__:procesar_documento:233 - Procesado: wo42 - 66 chunks
2025-08-13 18:10:20.151 | SUCCESS  | __main__:generar_embeddings_y_subir:330 - Subido a Pinecone: wo27 - 129 chunks
2025-08-13 18:10:21.039 | INFO     | __main__:descargar_documento:158 - Descargado: wo28 - LEY DEL SERVICIO DE...
2025-08-13 18:10:21.175 | INFO     | __main__:procesar_documento:233 - Procesado: wo28 - 13 chunks
2025-08-13 18:10:23.371 | SUCCESS  | __main__:generar_embeddings_y_subir:330 - Subido a Pinecone: wo28 - 13 chunks
2025-08-13 18:10:24.568 | INFO     | __main__:descargar_documento:158 - Descargado: wo29 - LEY DEL SISTEMA NACIONAL...
2025-08-13 18:10:24.816 | INFO     | __main__:procesar_documento:233 - Procesado: wo29 - 33 chunks
2025-08-13 18:10:31.739 | SUCCESS  | __main__:generar_embeddings_y_subir:330 - Subido a Pinecone: wo42 - 66 chunks
2025-08-13 18:10:31.929 | SUCCESS  | __main__:generar_embeddings_y_subir:330 - Subido a Pinecone: wo29 - 33 chunks
2025-08-13 18:10:32.990 | INFO     | __main__:descargar_documento:158 - Descargado: wo32 - LEY FEDERAL DE LOS...
2025-08-13 18:10:33.055 | INFO     | __main__:procesar_documento:233 - Procesado: wo32 - 4 chunks
2025-08-13 18:10:33.436 | INFO     | __main__:descargar_documento:158 - Descargado: wo44 - LEY ORGÁNICA DE SOCIEDAD...
2025-08-13 18:10:33.533 | INFO     | __main__:procesar_documento:233 - Procesado: wo44 - 12 chunks
2025-08-13 18:10:33.678 | SUCCESS  | __main__:generar_embeddings_y_subir:330 - Subido a Pinecone: wo32 - 4 chunks
2025-08-13 18:10:36.566 | INFO     | __main__:descargar_documento:158 - Descargado: wo45 - LEY ORGÁNICA DEL BANCO DEL...
2025-08-13 18:10:36.669 | INFO     | __main__:procesar_documento:233 - Procesado: wo45 - 13 chunks
2025-08-13 18:10:37.178 | SUCCESS  | __main__:generar_embeddings_y_subir:330 - Subido a Pinecone: wo44 - 12 chunks
2025-08-13 18:10:39.935 | SUCCESS  | __main__:generar_embeddings_y_subir:330 - Subido a Pinecone: wo45 - 13 chunks
2025-08-13 18:10:41.495 | INFO     | __main__:descargar_documento:158 - Descargado: wo5 - LEY DE CONCURSOS...
2025-08-13 18:10:41.874 | INFO     | __main__:procesar_documento:233 - Procesado: wo5 - 52 chunks
2025-08-13 18:10:42.466 | INFO     | __main__:descargar_documento:158 - Descargado: wo46 - LEY PARA LA TRANSPARENCIA...
2025-08-13 18:10:42.710 | INFO     | __main__:procesar_documento:233 - Procesado: wo46 - 25 chunks
2025-08-13 18:10:47.601 | SUCCESS  | __main__:generar_embeddings_y_subir:330 - Subido a Pinecone: wo46 - 25 chunks
2025-08-13 18:10:49.584 | INFO     | __main__:descargar_documento:158 - Descargado: wo48 - LEY PARA REGULAR LAS...
2025-08-13 18:10:49.750 | INFO     | __main__:procesar_documento:233 - Procesado: wo48 - 27 chunks
2025-08-13 18:10:52.321 | SUCCESS  | __main__:generar_embeddings_y_subir:330 - Subido a Pinecone: wo5 - 52 chunks
2025-08-13 18:10:54.906 | SUCCESS  | __main__:generar_embeddings_y_subir:330 - Subido a Pinecone: wo48 - 27 chunks
2025-08-13 18:10:55.697 | INFO     | __main__:descargar_documento:158 - Descargado: wo50 - Ley que Crea el Fideicomiso que Administrará el Fo...
2025-08-13 18:10:55.747 | INFO     | __main__:procesar_documento:233 - Procesado: wo50 - 7 chunks
2025-08-13 18:10:55.974 | INFO     | __main__:descargar_documento:158 - Descargado: wo6 - LEY DE COORDINACIÓN FISCAL...
2025-08-13 18:10:56.425 | INFO     | __main__:procesar_documento:233 - Procesado: wo6 - 46 chunks
2025-08-13 18:10:57.609 | SUCCESS  | __main__:generar_embeddings_y_subir:330 - Subido a Pinecone: wo50 - 7 chunks
2025-08-13 18:11:01.264 | INFO     | __main__:descargar_documento:158 - Descargado: wo4 - Ley de Ahorro y Crédito Popular...
2025-08-13 18:11:01.651 | INFO     | __main__:procesar_documento:233 - Procesado: wo4 - 82 chunks
2025-08-13 18:11:03.650 | SUCCESS  | __main__:generar_embeddings_y_subir:330 - Subido a Pinecone: wo6 - 46 chunks
2025-08-13 18:11:09.607 | INFO     | __main__:descargar_documento:158 - Descargado: wo12 - LEY DE INSTITUCIONES DE...
2025-08-13 18:11:10.816 | INFO     | __main__:procesar_documento:233 - Procesado: wo12 - 180 chunks
2025-08-13 18:11:13.200 | SUCCESS  | __main__:generar_embeddings_y_subir:330 - Subido a Pinecone: wo4 - 82 chunks
2025-08-13 18:11:13.711 | INFO     | __main__:descargar_documento:158 - Descargado: wo17 - LEY DE PROTECCIÓN AL...
2025-08-13 18:11:13.879 | INFO     | __main__:procesar_documento:233 - Procesado: wo17 - 16 chunks
2025-08-13 18:11:16.591 | SUCCESS  | __main__:generar_embeddings_y_subir:330 - Subido a Pinecone: wo17 - 16 chunks
2025-08-13 18:11:19.334 | INFO     | __main__:descargar_documento:158 - Descargado: wo19 - LEY DE FONDOS DE INVERSIÓN...
2025-08-13 18:11:19.805 | INFO     | __main__:procesar_documento:233 - Procesado: wo19 - 64 chunks
2025-08-13 18:11:32.640 | SUCCESS  | __main__:generar_embeddings_y_subir:330 - Subido a Pinecone: wo19 - 64 chunks
2025-08-13 18:11:33.487 | INFO     | __main__:descargar_documento:158 - Descargado: wo20 - LEY DEL BANCO DE MÉXICO...
2025-08-13 18:11:33.627 | INFO     | __main__:procesar_documento:233 - Procesado: wo20 - 19 chunks
2025-08-13 18:11:35.386 | SUCCESS  | __main__:generar_embeddings_y_subir:330 - Subido a Pinecone: wo12 - 180 chunks
2025-08-13 18:11:36.746 | SUCCESS  | __main__:generar_embeddings_y_subir:330 - Subido a Pinecone: wo20 - 19 chunks
2025-08-13 18:11:37.129 | INFO     | __main__:descargar_documento:158 - Descargado: wo13 - LEY DE UNIONES DE CRÉDITO...
2025-08-13 18:11:37.340 | INFO     | __main__:procesar_documento:233 - Procesado: wo13 - 38 chunks
2025-08-13 18:11:40.340 | INFO     | __main__:descargar_documento:158 - Descargado: wo22 - LEY DEL IMPUESTO AL VALOR...
2025-08-13 18:11:40.709 | INFO     | __main__:procesar_documento:233 - Procesado: wo22 - 60 chunks
2025-08-13 18:11:42.764 | SUCCESS  | __main__:generar_embeddings_y_subir:330 - Subido a Pinecone: wo13 - 38 chunks
2025-08-13 18:11:45.269 | INFO     | __main__:descargar_documento:158 - Descargado: wo14 - LEY DE INVERSIÓN...
2025-08-13 18:11:45.477 | INFO     | __main__:procesar_documento:233 - Procesado: wo14 - 28 chunks
2025-08-13 18:11:50.038 | SUCCESS  | __main__:generar_embeddings_y_subir:330 - Subido a Pinecone: wo22 - 60 chunks
2025-08-13 18:11:50.195 | SUCCESS  | __main__:generar_embeddings_y_subir:330 - Subido a Pinecone: wo14 - 28 chunks
2025-08-13 18:11:50.830 | INFO     | __main__:descargar_documento:158 - Descargado: wo5433 - LEY DE SOCIEDADES DE SOLIDARIDAD...
2025-08-13 18:11:50.880 | INFO     | __main__:procesar_documento:233 - Procesado: wo5433 - 5 chunks
2025-08-13 18:11:51.933 | SUCCESS  | __main__:generar_embeddings_y_subir:330 - Subido a Pinecone: wo5433 - 5 chunks
2025-08-13 18:11:52.385 | INFO     | __main__:descargar_documento:158 - Descargado: wo5435 - LEY FEDERAL DE FOMENTO A...
2025-08-13 18:11:52.455 | INFO     | __main__:procesar_documento:233 - Procesado: wo5435 - 8 chunks
2025-08-13 18:11:53.622 | SUCCESS  | __main__:generar_embeddings_y_subir:330 - Subido a Pinecone: wo5435 - 8 chunks
2025-08-13 18:11:54.446 | INFO     | __main__:descargar_documento:158 - Descargado: wo5437 - Ley General de Asentamientos Humanos...
2025-08-13 18:11:54.523 | INFO     | __main__:procesar_documento:233 - Procesado: wo5437 - 10 chunks
2025-08-13 18:11:56.452 | SUCCESS  | __main__:generar_embeddings_y_subir:330 - Subido a Pinecone: wo5437 - 10 chunks
2025-08-13 18:11:57.237 | INFO     | __main__:descargar_documento:158 - Descargado: wo25 - LEY DEL IMPUESTO SOBRE LA...
2025-08-13 18:11:58.332 | INFO     | __main__:procesar_documento:233 - Procesado: wo25 - 194 chunks
2025-08-13 18:12:00.773 | INFO     | __main__:descargar_documento:158 - Descargado: wo6028 - Ley de Amparo, Reglamentaria de los artículos 103 ...
2025-08-13 18:12:01.380 | INFO     | __main__:procesar_documento:233 - Procesado: wo6028 - 62 chunks
2025-08-13 18:12:11.986 | SUCCESS  | __main__:generar_embeddings_y_subir:330 - Subido a Pinecone: wo6028 - 62 chunks
2025-08-13 18:12:12.775 | INFO     | __main__:descargar_documento:158 - Descargado: wo6029 - LEY DE EXPROPIACIÓN...
2025-08-13 18:12:12.822 | INFO     | __main__:procesar_documento:233 - Procesado: wo6029 - 6 chunks
2025-08-13 18:12:14.181 | SUCCESS  | __main__:generar_embeddings_y_subir:330 - Subido a Pinecone: wo6029 - 6 chunks
2025-08-13 18:12:14.282 | INFO     | __main__:mostrar_progreso:365 - Progreso: 29 documentos | Descargados: 30 | Procesados: 30 | Subidos: 29 | Errores: 0
2025-08-13 18:12:16.121 | INFO     | __main__:descargar_documento:158 - Descargado: wo8267 - LEY DEL SERVICIO EXTERIOR...
2025-08-13 18:12:16.326 | INFO     | __main__:procesar_documento:233 - Procesado: wo8267 - 22 chunks
2025-08-13 18:12:21.384 | SUCCESS  | __main__:generar_embeddings_y_subir:330 - Subido a Pinecone: wo8267 - 22 chunks
2025-08-13 18:12:27.454 | INFO     | __main__:descargar_documento:158 - Descargado: wo9056 - ACLARACION a la Ley del Seguro Social, publicada e...
2025-08-13 18:12:27.991 | INFO     | __main__:procesar_documento:233 - Procesado: wo9056 - 88 chunks
2025-08-13 18:12:33.564 | SUCCESS  | __main__:generar_embeddings_y_subir:330 - Subido a Pinecone: wo25 - 194 chunks
2025-08-13 18:12:34.753 | INFO     | __main__:descargar_documento:158 - Descargado: wo10806 - LEY FEDERAL DE SEGURIDAD...
2025-08-13 18:12:35.063 | INFO     | __main__:procesar_documento:233 - Procesado: wo10806 - 11 chunks
2025-08-13 18:12:36.968 | SUCCESS  | __main__:generar_embeddings_y_subir:330 - Subido a Pinecone: wo10806 - 11 chunks
2025-08-13 18:12:38.542 | INFO     | __main__:descargar_documento:158 - Descargado: wo11034 - LEY DE ASISTENCIA SOCIAL...
2025-08-13 18:12:38.661 | INFO     | __main__:procesar_documento:233 - Procesado: wo11034 - 12 chunks
2025-08-13 18:12:40.807 | SUCCESS  | __main__:generar_embeddings_y_subir:330 - Subido a Pinecone: wo11034 - 12 chunks
2025-08-13 18:12:42.149 | INFO     | __main__:descargar_documento:158 - Descargado: wo11035 - LEY DE BIOSEGURIDAD DE...
2025-08-13 18:12:42.315 | INFO     | __main__:procesar_documento:233 - Procesado: wo11035 - 27 chunks
2025-08-13 18:12:42.435 | SUCCESS  | __main__:generar_embeddings_y_subir:330 - Subido a Pinecone: wo9056 - 88 chunks
2025-08-13 18:12:47.954 | SUCCESS  | __main__:generar_embeddings_y_subir:330 - Subido a Pinecone: wo11035 - 27 chunks
2025-08-13 18:13:07.690 | INFO     | __main__:descargar_documento:158 - Descargado: wo9059 - LEY FEDERAL DEL TRABAJO...
2025-08-13 18:13:09.653 | INFO     | __main__:procesar_documento:233 - Procesado: wo9059 - 212 chunks
2025-08-13 18:13:09.783 | INFO     | __main__:descargar_documento:158 - Descargado: wo11037 - LEY GENERAL DE SALUD...
2025-08-13 18:13:11.283 | INFO     | __main__:procesar_documento:233 - Procesado: wo11037 - 144 chunks
2025-08-13 18:13:33.577 | SUCCESS  | __main__:generar_embeddings_y_subir:330 - Subido a Pinecone: wo11037 - 144 chunks
2025-08-13 18:13:35.808 | INFO     | __main__:descargar_documento:158 - Descargado: wo11708 - LEY FEDERAL DE SANIDAD...
2025-08-13 18:13:36.313 | INFO     | __main__:procesar_documento:233 - Procesado: wo11708 - 31 chunks
2025-08-13 18:13:40.262 | SUCCESS  | __main__:generar_embeddings_y_subir:330 - Subido a Pinecone: wo11708 - 31 chunks
2025-08-13 18:13:41.908 | INFO     | __main__:descargar_documento:158 - Descargado: wo11709 - LEY FEDERAL DE SANIDAD...
2025-08-13 18:13:42.079 | INFO     | __main__:procesar_documento:233 - Procesado: wo11709 - 18 chunks
2025-08-13 18:13:45.100 | SUCCESS  | __main__:generar_embeddings_y_subir:330 - Subido a Pinecone: wo11709 - 18 chunks
2025-08-13 18:13:45.675 | INFO     | __main__:descargar_documento:158 - Descargado: wo11710 - LEY FEDERAL DE VARIEDADES...
2025-08-13 18:13:45.763 | INFO     | __main__:procesar_documento:233 - Procesado: wo11710 - 7 chunks
2025-08-13 18:13:46.900 | SUCCESS  | __main__:generar_embeddings_y_subir:330 - Subido a Pinecone: wo11710 - 7 chunks
2025-08-13 18:13:47.283 | INFO     | __main__:descargar_documento:158 - Descargado: wo11711 - LEY FEDERAL DEL MAR...
2025-08-13 18:13:47.334 | INFO     | __main__:procesar_documento:233 - Procesado: wo11711 - 5 chunks
2025-08-13 18:13:47.856 | SUCCESS  | __main__:generar_embeddings_y_subir:330 - Subido a Pinecone: wo9059 - 212 chunks
2025-08-13 18:13:48.162 | SUCCESS  | __main__:generar_embeddings_y_subir:330 - Subido a Pinecone: wo11711 - 5 chunks
2025-08-13 18:13:49.058 | INFO     | __main__:descargar_documento:158 - Descargado: wo9485 - LEY DE AEROPUERTOS...
2025-08-13 18:13:49.255 | INFO     | __main__:procesar_documento:233 - Procesado: wo9485 - 22 chunks
2025-08-13 18:13:49.719 | INFO     | __main__:descargar_documento:158 - Descargado: wo12073 - LEY DE DESARROLLO...
2025-08-13 18:13:49.981 | INFO     | __main__:procesar_documento:233 - Procesado: wo12073 - 22 chunks
2025-08-13 18:13:53.806 | SUCCESS  | __main__:generar_embeddings_y_subir:330 - Subido a Pinecone: wo9485 - 22 chunks
2025-08-13 18:13:54.760 | INFO     | __main__:descargar_documento:158 - Descargado: wo10805 - LEY DEL REGISTRO PÚBLICO...
2025-08-13 18:13:54.809 | INFO     | __main__:procesar_documento:233 - Procesado: wo10805 - 6 chunks
2025-08-13 18:13:55.086 | SUCCESS  | __main__:generar_embeddings_y_subir:330 - Subido a Pinecone: wo12073 - 22 chunks
2025-08-13 18:13:55.681 | INFO     | __main__:descargar_documento:158 - Descargado: wo12074 - LEY DE PRODUCTOS ORGÁNICOS...
2025-08-13 18:13:55.732 | INFO     | __main__:procesar_documento:233 - Procesado: wo12074 - 6 chunks
2025-08-13 18:13:56.090 | SUCCESS  | __main__:generar_embeddings_y_subir:330 - Subido a Pinecone: wo10805 - 6 chunks
2025-08-13 18:13:56.623 | INFO     | __main__:descargar_documento:158 - Descargado: wo12075 - LEY FEDERAL DE PRODUCCIÓN,...
2025-08-13 18:13:56.708 | INFO     | __main__:procesar_documento:233 - Procesado: wo12075 - 9 chunks
2025-08-13 18:13:56.972 | SUCCESS  | __main__:generar_embeddings_y_subir:330 - Subido a Pinecone: wo12074 - 6 chunks
2025-08-13 18:13:58.280 | INFO     | __main__:descargar_documento:158 - Descargado: wo12918 - Ley Federal Sobre Metrología y Normalización...
2025-08-13 18:13:58.479 | INFO     | __main__:procesar_documento:233 - Procesado: wo12918 - 31 chunks
2025-08-13 18:13:58.741 | SUCCESS  | __main__:generar_embeddings_y_subir:330 - Subido a Pinecone: wo12075 - 9 chunks
2025-08-13 18:13:59.728 | INFO     | __main__:descargar_documento:158 - Descargado: wo12897 - LEY DEL SERVICIO POSTAL...
2025-08-13 18:13:59.822 | INFO     | __main__:procesar_documento:233 - Procesado: wo12897 - 6 chunks
2025-08-13 18:14:01.367 | SUCCESS  | __main__:generar_embeddings_y_subir:330 - Subido a Pinecone: wo12897 - 6 chunks
2025-08-13 18:14:02.348 | INFO     | __main__:descargar_documento:158 - Descargado: wo12931 - LEY DE LA PROPIEDAD INDUSTRIAL...
2025-08-13 18:14:02.524 | INFO     | __main__:procesar_documento:233 - Procesado: wo12931 - 44 chunks
2025-08-13 18:14:03.861 | SUCCESS  | __main__:generar_embeddings_y_subir:330 - Subido a Pinecone: wo12918 - 31 chunks
2025-08-13 18:14:04.376 | INFO     | __main__:descargar_documento:158 - Descargado: wo13135 - LEY ORGÁNICA DEL INSTITUTO...
2025-08-13 18:14:04.436 | INFO     | __main__:procesar_documento:233 - Procesado: wo13135 - 5 chunks
2025-08-13 18:14:05.990 | SUCCESS  | __main__:generar_embeddings_y_subir:330 - Subido a Pinecone: wo13135 - 5 chunks
2025-08-13 18:14:06.346 | INFO     | __main__:descargar_documento:158 - Descargado: wo13138 - LEY ORGÁNICA DE LA...
2025-08-13 18:14:06.387 | INFO     | __main__:procesar_documento:233 - Procesado: wo13138 - 4 chunks
2025-08-13 18:14:07.483 | SUCCESS  | __main__:generar_embeddings_y_subir:330 - Subido a Pinecone: wo13138 - 4 chunks
2025-08-13 18:14:08.875 | INFO     | __main__:descargar_documento:158 - Descargado: wo13100 - LEY DE DESARROLLO RURAL...
2025-08-13 18:14:09.112 | INFO     | __main__:procesar_documento:233 - Procesado: wo13100 - 34 chunks
2025-08-13 18:14:15.836 | SUCCESS  | __main__:generar_embeddings_y_subir:330 - Subido a Pinecone: wo12931 - 44 chunks
2025-08-13 18:14:15.954 | SUCCESS  | __main__:generar_embeddings_y_subir:330 - Subido a Pinecone: wo13100 - 34 chunks
2025-08-13 18:14:16.392 | INFO     | __main__:descargar_documento:158 - Descargado: wo13181 - LEY DE CAPITALIZACIÓN DEL...
2025-08-13 18:14:16.417 | INFO     | __main__:procesar_documento:233 - Procesado: wo13181 - 3 chunks
2025-08-13 18:14:17.085 | SUCCESS  | __main__:generar_embeddings_y_subir:330 - Subido a Pinecone: wo13181 - 3 chunks
2025-08-13 18:14:17.186 | INFO     | __main__:mostrar_progreso:365 - Progreso: 53 documentos | Descargados: 53 | Procesados: 53 | Subidos: 53 | Errores: 0
2025-08-13 18:14:17.292 | INFO     | __main__:descargar_documento:158 - Descargado: wo13185 - LEY DE ENERGÍA PARA EL...
2025-08-13 18:14:17.308 | INFO     | __main__:procesar_documento:233 - Procesado: wo13185 - 2 chunks
2025-08-13 18:14:17.812 | SUCCESS  | __main__:generar_embeddings_y_subir:330 - Subido a Pinecone: wo13185 - 2 chunks
2025-08-13 18:14:22.814 | INFO     | __main__:descargar_documento:158 - Descargado: wo12974 - Ley Federal de Protección al Consumidor...
2025-08-13 18:14:23.478 | INFO     | __main__:procesar_documento:233 - Procesado: wo12974 - 45 chunks
2025-08-13 18:14:23.530 | INFO     | __main__:descargar_documento:158 - Descargado: wo13204 - LEY DEL INSTITUTO DE...
2025-08-13 18:14:24.230 | INFO     | __main__:procesar_documento:233 - Procesado: wo13204 - 61 chunks
2025-08-13 18:14:33.135 | SUCCESS  | __main__:generar_embeddings_y_subir:330 - Subido a Pinecone: wo12974 - 45 chunks
2025-08-13 18:14:36.076 | SUCCESS  | __main__:generar_embeddings_y_subir:330 - Subido a Pinecone: wo13204 - 61 chunks
2025-08-13 18:14:36.767 | INFO     | __main__:descargar_documento:158 - Descargado: wo13206 - LEY DEL INSTITUTO NACIONAL...
2025-08-13 18:14:36.841 | INFO     | __main__:procesar_documento:233 - Procesado: wo13206 - 10 chunks
2025-08-13 18:14:36.999 | INFO     | __main__:descargar_documento:158 - Descargado: wo12916 - LEY DE VÍAS GENERALES DE...
2025-08-13 18:14:37.692 | INFO     | __main__:procesar_documento:233 - Procesado: wo12916 - 52 chunks
2025-08-13 18:14:39.126 | SUCCESS  | __main__:generar_embeddings_y_subir:330 - Subido a Pinecone: wo13206 - 10 chunks
2025-08-13 18:14:41.625 | INFO     | __main__:descargar_documento:158 - Descargado: wo13211 - LEY FEDERAL DE LAS...
2025-08-13 18:14:41.774 | INFO     | __main__:procesar_documento:233 - Procesado: wo13211 - 25 chunks
2025-08-13 18:14:46.212 | SUCCESS  | __main__:generar_embeddings_y_subir:330 - Subido a Pinecone: wo13211 - 25 chunks
2025-08-13 18:14:46.640 | SUCCESS  | __main__:generar_embeddings_y_subir:330 - Subido a Pinecone: wo12916 - 52 chunks
2025-08-13 18:14:48.380 | INFO     | __main__:descargar_documento:158 - Descargado: wo13220 - Ley Federal de Transparencia y Acceso a la Informa...
2025-08-13 18:14:48.511 | INFO     | __main__:procesar_documento:233 - Procesado: wo13220 - 20 chunks
2025-08-13 18:14:49.366 | INFO     | __main__:descargar_documento:158 - Descargado: wo13222 - LEY FEDERAL PARA PREVENIR...
2025-08-13 18:14:49.610 | INFO     | __main__:procesar_documento:233 - Procesado: wo13222 - 21 chunks
2025-08-13 18:14:52.845 | SUCCESS  | __main__:generar_embeddings_y_subir:330 - Subido a Pinecone: wo13220 - 20 chunks
2025-08-13 18:14:53.282 | SUCCESS  | __main__:generar_embeddings_y_subir:330 - Subido a Pinecone: wo13222 - 21 chunks
2025-08-13 18:14:54.394 | INFO     | __main__:descargar_documento:158 - Descargado: wo13243 - LEY SOBRE EL ESCUDO, LA...
2025-08-13 18:14:54.758 | INFO     | __main__:descargar_documento:158 - Descargado: wo13543 - LEY ORGÁNICA DE NACIONAL...
2025-08-13 18:14:54.769 | INFO     | __main__:procesar_documento:233 - Procesado: wo13243 - 14 chunks
2025-08-13 18:14:54.829 | INFO     | __main__:procesar_documento:233 - Procesado: wo13543 - 10 chunks
2025-08-13 18:14:57.460 | SUCCESS  | __main__:generar_embeddings_y_subir:330 - Subido a Pinecone: wo13243 - 14 chunks
2025-08-13 18:14:57.597 | SUCCESS  | __main__:generar_embeddings_y_subir:330 - Subido a Pinecone: wo13543 - 10 chunks
2025-08-13 18:14:58.339 | INFO     | __main__:descargar_documento:158 - Descargado: wo14097 - LEY FEDERAL SOBRE...
2025-08-13 18:14:58.409 | INFO     | __main__:procesar_documento:233 - Procesado: wo14097 - 10 chunks
2025-08-13 18:14:59.038 | INFO     | __main__:descargar_documento:158 - Descargado: wo13236 - Ley Orgánica de la Armada de México...
2025-08-13 18:14:59.216 | INFO     | __main__:procesar_documento:233 - Procesado: wo13236 - 12 chunks
2025-08-13 18:15:00.501 | SUCCESS  | __main__:generar_embeddings_y_subir:330 - Subido a Pinecone: wo14097 - 10 chunks
2025-08-13 18:15:00.810 | INFO     | __main__:descargar_documento:158 - Descargado: wo14350 - LEY ORGÁNICA DE LA...
2025-08-13 18:15:00.864 | INFO     | __main__:procesar_documento:233 - Procesado: wo14350 - 4 chunks
2025-08-13 18:15:01.488 | SUCCESS  | __main__:generar_embeddings_y_subir:330 - Subido a Pinecone: wo13236 - 12 chunks
2025-08-13 18:15:01.585 | SUCCESS  | __main__:generar_embeddings_y_subir:330 - Subido a Pinecone: wo14350 - 4 chunks
2025-08-13 18:15:03.580 | INFO     | __main__:descargar_documento:158 - Descargado: wo14412 - LEY MONETARIA DE LOS...
2025-08-13 18:15:03.720 | INFO     | __main__:procesar_documento:233 - Procesado: wo14412 - 15 chunks
2025-08-13 18:15:05.489 | INFO     | __main__:descargar_documento:158 - Descargado: wo13238 - LEY ORGÁNICA DEL EJÉRCITO...
2025-08-13 18:15:05.769 | INFO     | __main__:procesar_documento:233 - Procesado: wo13238 - 29 chunks
2025-08-13 18:15:06.705 | SUCCESS  | __main__:generar_embeddings_y_subir:330 - Subido a Pinecone: wo14412 - 15 chunks
2025-08-13 18:15:07.144 | INFO     | __main__:descargar_documento:158 - Descargado: wo14413 - LEY DE LA CASA DE MONEDA...
2025-08-13 18:15:07.181 | INFO     | __main__:procesar_documento:233 - Procesado: wo14413 - 4 chunks
2025-08-13 18:15:08.347 | SUCCESS  | __main__:generar_embeddings_y_subir:330 - Subido a Pinecone: wo14413 - 4 chunks
2025-08-13 18:15:09.051 | INFO     | __main__:descargar_documento:158 - Descargado: wo15291 - LEY ORGÁNICA DE LA...
2025-08-13 18:15:09.097 | INFO     | __main__:procesar_documento:233 - Procesado: wo15291 - 4 chunks
2025-08-13 18:15:10.201 | SUCCESS  | __main__:generar_embeddings_y_subir:330 - Subido a Pinecone: wo15291 - 4 chunks
2025-08-13 18:15:11.089 | INFO     | __main__:descargar_documento:158 - Descargado: wo15393 - LEY ORGÁNICA DE LOS...
2025-08-13 18:15:11.136 | INFO     | __main__:procesar_documento:233 - Procesado: wo15393 - 6 chunks
2025-08-13 18:15:12.408 | SUCCESS  | __main__:generar_embeddings_y_subir:330 - Subido a Pinecone: wo15393 - 6 chunks
2025-08-13 18:15:13.880 | INFO     | __main__:descargar_documento:158 - Descargado: wo15306 - LEY ORGÁNICA DEL TRIBUNAL FEDERAL DE JUSTICIA FISC...
2025-08-13 18:15:13.983 | INFO     | __main__:procesar_documento:233 - Procesado: wo15306 - 12 chunks
2025-08-13 18:15:14.904 | SUCCESS  | __main__:generar_embeddings_y_subir:330 - Subido a Pinecone: wo13238 - 29 chunks
2025-08-13 18:15:15.196 | INFO     | __main__:descargar_documento:158 - Descargado: wo13241 - LEY PARA EL USO Y...
2025-08-13 18:15:15.263 | INFO     | __main__:procesar_documento:233 - Procesado: wo13241 - 4 chunks
2025-08-13 18:15:16.408 | SUCCESS  | __main__:generar_embeddings_y_subir:330 - Subido a Pinecone: wo15306 - 12 chunks
2025-08-13 18:15:16.541 | SUCCESS  | __main__:generar_embeddings_y_subir:330 - Subido a Pinecone: wo13241 - 4 chunks
2025-08-13 18:15:17.588 | INFO     | __main__:descargar_documento:158 - Descargado: wo16955 - LEY DE CONTRIBUCIÓN DE...
2025-08-13 18:15:17.621 | INFO     | __main__:procesar_documento:233 - Procesado: wo16955 - 4 chunks
2025-08-13 18:15:18.757 | SUCCESS  | __main__:generar_embeddings_y_subir:330 - Subido a Pinecone: wo16955 - 4 chunks
2025-08-13 18:15:19.261 | INFO     | __main__:descargar_documento:158 - Descargado: wo15531 - LEY DE LA COMISIÓN NACIONAL...
2025-08-13 18:15:19.424 | INFO     | __main__:procesar_documento:233 - Procesado: wo15531 - 22 chunks
2025-08-13 18:15:19.482 | INFO     | __main__:descargar_documento:158 - Descargado: wo16959 - LEY DE DISCIPLINA DEL...
2025-08-13 18:15:19.544 | INFO     | __main__:procesar_documento:233 - Procesado: wo16959 - 5 chunks
2025-08-13 18:15:20.733 | SUCCESS  | __main__:generar_embeddings_y_subir:330 - Subido a Pinecone: wo16959 - 5 chunks
2025-08-13 18:15:21.217 | INFO     | __main__:descargar_documento:158 - Descargado: wo16960 - LEY DE DISCIPLINA PARA EL...
2025-08-13 18:15:21.292 | INFO     | __main__:procesar_documento:233 - Procesado: wo16960 - 6 chunks
2025-08-13 18:15:22.836 | SUCCESS  | __main__:generar_embeddings_y_subir:330 - Subido a Pinecone: wo16960 - 6 chunks
2025-08-13 18:15:23.174 | INFO     | __main__:descargar_documento:158 - Descargado: wo16961 - LEY DE EDUCACIÓN MILITAR...
2025-08-13 18:15:23.223 | INFO     | __main__:procesar_documento:233 - Procesado: wo16961 - 4 chunks
2025-08-13 18:15:23.228 | SUCCESS  | __main__:generar_embeddings_y_subir:330 - Subido a Pinecone: wo15531 - 22 chunks
2025-08-13 18:15:23.991 | SUCCESS  | __main__:generar_embeddings_y_subir:330 - Subido a Pinecone: wo16961 - 4 chunks
2025-08-13 18:15:29.140 | INFO     | __main__:descargar_documento:158 - Descargado: wo16964 - LEY DE EXTRADICIÓN...
2025-08-13 18:15:29.224 | INFO     | __main__:procesar_documento:233 - Procesado: wo16964 - 9 chunks
2025-08-13 18:15:29.744 | INFO     | __main__:descargar_documento:158 - Descargado: wo16815 - LEY ORGÁNICA DEL CONGRESO...
2025-08-13 18:15:30.486 | INFO     | __main__:procesar_documento:233 - Procesado: wo16815 - 41 chunks
2025-08-13 18:15:34.697 | SUCCESS  | __main__:generar_embeddings_y_subir:330 - Subido a Pinecone: wo16964 - 9 chunks
2025-08-13 18:15:34.798 | INFO     | __main__:mostrar_progreso:365 - Progreso: 79 documentos | Descargados: 80 | Procesados: 80 | Subidos: 79 | Errores: 0
2025-08-13 18:15:36.531 | INFO     | __main__:descargar_documento:158 - Descargado: wo16993 - LEY DE PREMIOS, ESTÍMULOS...
2025-08-13 18:15:36.764 | INFO     | __main__:procesar_documento:233 - Procesado: wo16993 - 21 chunks
2025-08-13 18:15:38.072 | SUCCESS  | __main__:generar_embeddings_y_subir:330 - Subido a Pinecone: wo16815 - 41 chunks
2025-08-13 18:15:38.612 | INFO     | __main__:descargar_documento:158 - Descargado: wo16946 - LEY DE ASOCIACIONES...
2025-08-13 18:15:38.690 | INFO     | __main__:procesar_documento:233 - Procesado: wo16946 - 8 chunks
2025-08-13 18:15:40.171 | SUCCESS  | __main__:generar_embeddings_y_subir:330 - Subido a Pinecone: wo16946 - 8 chunks
2025-08-13 18:15:40.810 | INFO     | __main__:descargar_documento:158 - Descargado: wo17000 - LEY DE RECOMPENSAS DE LA...
2025-08-13 18:15:40.875 | INFO     | __main__:procesar_documento:233 - Procesado: wo17000 - 9 chunks
2025-08-13 18:15:41.339 | SUCCESS  | __main__:generar_embeddings_y_subir:330 - Subido a Pinecone: wo16993 - 21 chunks
2025-08-13 18:15:41.932 | INFO     | __main__:descargar_documento:158 - Descargado: wo16997 - LEY DE PROTECCIÓN AL...
2025-08-13 18:15:41.958 | INFO     | __main__:procesar_documento:233 - Procesado: wo16997 - 2 chunks
2025-08-13 18:15:42.429 | SUCCESS  | __main__:generar_embeddings_y_subir:330 - Subido a Pinecone: wo16997 - 2 chunks
2025-08-13 18:15:42.701 | INFO     | __main__:descargar_documento:158 - Descargado: wo16940 - LEY DE AMINISTÍA...
2025-08-13 18:15:42.725 | INFO     | __main__:procesar_documento:233 - Procesado: wo16940 - 3 chunks
2025-08-13 18:15:42.765 | SUCCESS  | __main__:generar_embeddings_y_subir:330 - Subido a Pinecone: wo17000 - 9 chunks
2025-08-13 18:15:43.059 | INFO     | __main__:descargar_documento:158 - Descargado: wo17001 - LEY DE RESPONSABILIDAD...
2025-08-13 18:15:43.096 | INFO     | __main__:procesar_documento:233 - Procesado: wo17001 - 3 chunks
2025-08-13 18:15:43.340 | SUCCESS  | __main__:generar_embeddings_y_subir:330 - Subido a Pinecone: wo16940 - 3 chunks
2025-08-13 18:15:44.863 | SUCCESS  | __main__:generar_embeddings_y_subir:330 - Subido a Pinecone: wo17001 - 3 chunks
2025-08-13 18:15:45.499 | INFO     | __main__:descargar_documento:158 - Descargado: wo16943 - LEY DE ASCENSOS Y...
2025-08-13 18:15:45.673 | INFO     | __main__:procesar_documento:233 - Procesado: wo16943 - 16 chunks
2025-08-13 18:15:46.179 | INFO     | __main__:descargar_documento:158 - Descargado: wo17002 - LEY DE SEGURIDAD NACIONAL...
2025-08-13 18:15:46.338 | INFO     | __main__:procesar_documento:233 - Procesado: wo17002 - 12 chunks
2025-08-13 18:15:49.296 | SUCCESS  | __main__:generar_embeddings_y_subir:330 - Subido a Pinecone: wo17002 - 12 chunks
2025-08-13 18:15:49.968 | INFO     | __main__:descargar_documento:158 - Descargado: wo17003 - LEY DE SISTEMAS DE PAGOS...
2025-08-13 18:15:50.024 | INFO     | __main__:procesar_documento:233 - Procesado: wo17003 - 7 chunks
2025-08-13 18:15:51.619 | SUCCESS  | __main__:generar_embeddings_y_subir:330 - Subido a Pinecone: wo17003 - 7 chunks
2025-08-13 18:15:51.826 | INFO     | __main__:descargar_documento:158 - Descargado: wo17005 - LEY DE SOCIEDADES DE...
2025-08-13 18:15:51.860 | INFO     | __main__:procesar_documento:233 - Procesado: wo17005 - 2 chunks
2025-08-13 18:15:52.291 | SUCCESS  | __main__:generar_embeddings_y_subir:330 - Subido a Pinecone: wo17005 - 2 chunks
2025-08-13 18:15:52.863 | INFO     | __main__:descargar_documento:158 - Descargado: wo17007 - LEY DE TRANSPARENCIA Y DE...
2025-08-13 18:15:52.947 | INFO     | __main__:procesar_documento:233 - Procesado: wo17007 - 8 chunks
2025-08-13 18:15:53.201 | SUCCESS  | __main__:generar_embeddings_y_subir:330 - Subido a Pinecone: wo16943 - 16 chunks
2025-08-13 18:15:53.546 | INFO     | __main__:descargar_documento:158 - Descargado: wo16945 - LEY SOBRE CÁMARAS...
2025-08-13 18:15:53.584 | INFO     | __main__:procesar_documento:233 - Procesado: wo16945 - 3 chunks
2025-08-13 18:15:54.212 | SUCCESS  | __main__:generar_embeddings_y_subir:330 - Subido a Pinecone: wo16945 - 3 chunks
2025-08-13 18:15:54.551 | SUCCESS  | __main__:generar_embeddings_y_subir:330 - Subido a Pinecone: wo17007 - 8 chunks
2025-08-13 18:15:55.100 | INFO     | __main__:descargar_documento:158 - Descargado: wo17011 - LEY DEL DIARIO OFICIAL DE...
2025-08-13 18:15:55.131 | INFO     | __main__:procesar_documento:233 - Procesado: wo17011 - 3 chunks
2025-08-13 18:15:56.133 | SUCCESS  | __main__:generar_embeddings_y_subir:330 - Subido a Pinecone: wo17011 - 3 chunks
2025-08-13 18:15:59.733 | INFO     | __main__:descargar_documento:158 - Descargado: wo17051 - LEY FEDERAL DE LOS...
2025-08-13 18:15:59.940 | INFO     | __main__:procesar_documento:233 - Procesado: wo17051 - 24 chunks
2025-08-13 18:16:00.712 | INFO     | __main__:descargar_documento:158 - Descargado: wo17018 - LEY DEL INSTITUTO DE...
2025-08-13 18:16:01.286 | INFO     | __main__:procesar_documento:233 - Procesado: wo17018 - 36 chunks
2025-08-13 18:16:05.266 | SUCCESS  | __main__:generar_embeddings_y_subir:330 - Subido a Pinecone: wo17051 - 24 chunks
2025-08-13 18:16:08.152 | INFO     | __main__:descargar_documento:158 - Descargado: wo17068 - DECRETO por el que se adiciona un tercer párrafo a...
2025-08-13 18:16:08.419 | INFO     | __main__:procesar_documento:233 - Procesado: wo17068 - 39 chunks
2025-08-13 18:16:08.867 | SUCCESS  | __main__:generar_embeddings_y_subir:330 - Subido a Pinecone: wo17018 - 36 chunks
2025-08-13 18:16:12.186 | INFO     | __main__:descargar_documento:158 - Descargado: wo17079 - LEY GENERAL DE ACCESO DE...
2025-08-13 18:16:12.727 | INFO     | __main__:procesar_documento:233 - Procesado: wo17079 - 34 chunks
2025-08-13 18:16:14.660 | SUCCESS  | __main__:generar_embeddings_y_subir:330 - Subido a Pinecone: wo17068 - 39 chunks
2025-08-13 18:16:15.569 | INFO     | __main__:descargar_documento:158 - Descargado: wo17072 - LEY FEDERAL PARA EL...
2025-08-13 18:16:15.732 | INFO     | __main__:procesar_documento:233 - Procesado: wo17072 - 11 chunks
2025-08-13 18:16:17.846 | SUCCESS  | __main__:generar_embeddings_y_subir:330 - Subido a Pinecone: wo17072 - 11 chunks
2025-08-13 18:16:18.410 | INFO     | __main__:descargar_documento:158 - Descargado: wo17074 - LEY FEDERAL PARA LA...
2025-08-13 18:16:18.476 | SUCCESS  | __main__:generar_embeddings_y_subir:330 - Subido a Pinecone: wo17079 - 34 chunks
2025-08-13 18:16:18.478 | INFO     | __main__:procesar_documento:233 - Procesado: wo17074 - 8 chunks
2025-08-13 18:16:19.392 | INFO     | __main__:descargar_documento:158 - Descargado: wo17029 - LEY DEL SERVICIO DE TESORERÍA DE LA FEDERACIÓN...
2025-08-13 18:16:19.504 | INFO     | __main__:procesar_documento:233 - Procesado: wo17029 - 16 chunks
2025-08-13 18:16:19.952 | SUCCESS  | __main__:generar_embeddings_y_subir:330 - Subido a Pinecone: wo17074 - 8 chunks
2025-08-13 18:16:20.717 | INFO     | __main__:descargar_documento:158 - Descargado: wo17028 - Ley del Servicio de Inspección Fiscal...
2025-08-13 18:16:20.814 | INFO     | __main__:procesar_documento:233 - Procesado: wo17028 - 10 chunks
2025-08-13 18:16:22.267 | SUCCESS  | __main__:generar_embeddings_y_subir:330 - Subido a Pinecone: wo17028 - 10 chunks
2025-08-13 18:16:22.368 | INFO     | __main__:mostrar_progreso:365 - Progreso: 100 documentos | Descargados: 101 | Procesados: 101 | Subidos: 100 | Errores: 0
2025-08-13 18:16:22.477 | SUCCESS  | __main__:generar_embeddings_y_subir:330 - Subido a Pinecone: wo17029 - 16 chunks
2025-08-13 18:16:22.706 | INFO     | __main__:descargar_documento:158 - Descargado: wo17042 - LEY FEDERAL DE CORREDURÍA...
2025-08-13 18:16:22.750 | INFO     | __main__:procesar_documento:233 - Procesado: wo17042 - 6 chunks
2025-08-13 18:16:23.020 | INFO     | __main__:descargar_documento:158 - Descargado: wo17031 - LEY DEL SERVICIO MILITAR...
2025-08-13 18:16:23.082 | INFO     | __main__:procesar_documento:233 - Procesado: wo17031 - 8 chunks
2025-08-13 18:16:23.794 | SUCCESS  | __main__:generar_embeddings_y_subir:330 - Subido a Pinecone: wo17042 - 6 chunks
2025-08-13 18:16:24.535 | SUCCESS  | __main__:generar_embeddings_y_subir:330 - Subido a Pinecone: wo17031 - 8 chunks
2025-08-13 18:16:24.623 | INFO     | __main__:descargar_documento:158 - Descargado: wo17043 - LEY FEDERAL DE DEFENSORÍA...
2025-08-13 18:16:24.746 | INFO     | __main__:procesar_documento:233 - Procesado: wo17043 - 18 chunks
2025-08-13 18:16:24.859 | INFO     | __main__:descargar_documento:158 - Descargado: wo17037 - Ley en Favor de los Veteranos de la Revolución com...
2025-08-13 18:16:24.894 | INFO     | __main__:procesar_documento:233 - Procesado: wo17037 - 3 chunks
2025-08-13 18:16:25.715 | SUCCESS  | __main__:generar_embeddings_y_subir:330 - Subido a Pinecone: wo17037 - 3 chunks
2025-08-13 18:16:26.867 | INFO     | __main__:descargar_documento:158 - Descargado: wo17038 - LEY FEDERAL CONTRA LA...
2025-08-13 18:16:27.008 | INFO     | __main__:procesar_documento:233 - Procesado: wo17038 - 19 chunks
2025-08-13 18:16:28.006 | SUCCESS  | __main__:generar_embeddings_y_subir:330 - Subido a Pinecone: wo17043 - 18 chunks
2025-08-13 18:16:28.864 | INFO     | __main__:descargar_documento:158 - Descargado: wo17048 - LEY FEDERAL DE JUEGOS Y...
2025-08-13 18:16:28.892 | INFO     | __main__:procesar_documento:233 - Procesado: wo17048 - 2 chunks
2025-08-13 18:16:29.315 | SUCCESS  | __main__:generar_embeddings_y_subir:330 - Subido a Pinecone: wo17048 - 2 chunks
2025-08-13 18:16:30.336 | SUCCESS  | __main__:generar_embeddings_y_subir:330 - Subido a Pinecone: wo17038 - 19 chunks
2025-08-13 18:16:32.937 | INFO     | __main__:descargar_documento:158 - Descargado: wo17106 - Ley General para la Igualdad entre Mujeres y Hombr...
2025-08-13 18:16:33.029 | INFO     | __main__:procesar_documento:233 - Procesado: wo17106 - 11 chunks
2025-08-13 18:16:33.096 | INFO     | __main__:descargar_documento:158 - Descargado: wo17039 - LEY FEDERAL DE ARMAS DE...
2025-08-13 18:16:33.283 | INFO     | __main__:procesar_documento:233 - Procesado: wo17039 - 15 chunks
2025-08-13 18:16:35.960 | SUCCESS  | __main__:generar_embeddings_y_subir:330 - Subido a Pinecone: wo17106 - 11 chunks
2025-08-13 18:16:36.318 | ERROR    | __main__:descargar_documento:171 - Error descargando wo17113: ('Connection aborted.', RemoteDisconnected('Remote end closed connection without response'))
2025-08-13 18:16:36.490 | SUCCESS  | __main__:generar_embeddings_y_subir:330 - Subido a Pinecone: wo17039 - 15 chunks
2025-08-13 18:16:36.934 | INFO     | __main__:descargar_documento:158 - Descargado: wo17134 - LEY ORGÁNICA DEL SEMINARIO...
2025-08-13 18:16:36.962 | INFO     | __main__:procesar_documento:233 - Procesado: wo17134 - 2 chunks
2025-08-13 18:16:37.335 | SUCCESS  | __main__:generar_embeddings_y_subir:330 - Subido a Pinecone: wo17134 - 2 chunks
2025-08-13 18:16:37.416 | INFO     | __main__:descargar_documento:158 - Descargado: wo17114 - LEY ORGÁNICA DE LA...
2025-08-13 18:16:37.509 | INFO     | __main__:procesar_documento:233 - Procesado: wo17114 - 9 chunks
2025-08-13 18:16:37.599 | INFO     | __main__:descargar_documento:158 - Descargado: wo17136 - LEY PARA CONSERVAR LA...
2025-08-13 18:16:37.609 | INFO     | __main__:procesar_documento:233 - Procesado: wo17136 - 1 chunks
2025-08-13 18:16:37.881 | SUCCESS  | __main__:generar_embeddings_y_subir:330 - Subido a Pinecone: wo17136 - 1 chunks
2025-08-13 18:16:38.100 | INFO     | __main__:descargar_documento:158 - Descargado: wo17139 - LEY PARA EL DIÁLOGO, LA...
2025-08-13 18:16:38.126 | INFO     | __main__:procesar_documento:233 - Procesado: wo17139 - 2 chunks
2025-08-13 18:16:38.674 | SUCCESS  | __main__:generar_embeddings_y_subir:330 - Subido a Pinecone: wo17139 - 2 chunks
2025-08-13 18:16:39.652 | SUCCESS  | __main__:generar_embeddings_y_subir:330 - Subido a Pinecone: wo17114 - 9 chunks
2025-08-13 18:16:40.434 | INFO     | __main__:descargar_documento:158 - Descargado: wo17142 - LEY PARA LA COMPROBACIÓN,...
2025-08-13 18:16:40.469 | INFO     | __main__:procesar_documento:233 - Procesado: wo17142 - 3 chunks
2025-08-13 18:16:40.976 | INFO     | __main__:descargar_documento:158 - Descargado: wo17120 - LEY ORGÁNICA DE LOS TRIBUNALES MILITARES...
2025-08-13 18:16:41.028 | INFO     | __main__:procesar_documento:233 - Procesado: wo17120 - 4 chunks
2025-08-13 18:16:41.322 | SUCCESS  | __main__:generar_embeddings_y_subir:330 - Subido a Pinecone: wo17142 - 3 chunks
2025-08-13 18:16:41.976 | INFO     | __main__:descargar_documento:158 - Descargado: wo17143 - LEY PARA LA COMPROBACIÓN,...
2025-08-13 18:16:42.041 | INFO     | __main__:procesar_documento:233 - Procesado: wo17143 - 7 chunks
2025-08-13 18:16:42.916 | SUCCESS  | __main__:generar_embeddings_y_subir:330 - Subido a Pinecone: wo17120 - 4 chunks
2025-08-13 18:16:44.652 | INFO     | __main__:descargar_documento:158 - Descargado: wo17127 - LEY ORGÁNICA DEL BANCO...
2025-08-13 18:16:44.736 | INFO     | __main__:procesar_documento:233 - Procesado: wo17127 - 10 chunks
2025-08-13 18:16:44.882 | SUCCESS  | __main__:generar_embeddings_y_subir:330 - Subido a Pinecone: wo17143 - 7 chunks
2025-08-13 18:16:45.066 | INFO     | __main__:descargar_documento:158 - Descargado: wo17144 - Ley para la Coordinación de la Educación Superior...
2025-08-13 18:16:45.096 | INFO     | __main__:procesar_documento:233 - Procesado: wo17144 - 3 chunks
2025-08-13 18:16:46.285 | SUCCESS  | __main__:generar_embeddings_y_subir:330 - Subido a Pinecone: wo17144 - 3 chunks
2025-08-13 18:16:46.635 | INFO     | __main__:descargar_documento:158 - Descargado: wo17145 - Ley para la Depuración y Liquidación de Cuentas de...
2025-08-13 18:16:46.647 | INFO     | __main__:procesar_documento:233 - Procesado: wo17145 - 2 chunks
2025-08-13 18:16:47.292 | SUCCESS  | __main__:generar_embeddings_y_subir:330 - Subido a Pinecone: wo17145 - 2 chunks
2025-08-13 18:16:47.599 | INFO     | __main__:descargar_documento:158 - Descargado: wo17151 - LEY QUE APRUEBA LA...
2025-08-13 18:16:47.640 | INFO     | __main__:procesar_documento:233 - Procesado: wo17151 - 3 chunks
2025-08-13 18:16:48.445 | SUCCESS  | __main__:generar_embeddings_y_subir:330 - Subido a Pinecone: wo17127 - 10 chunks
2025-08-13 18:16:48.883 | INFO     | __main__:descargar_documento:158 - Descargado: wo17129 - LEY ORGÁNICA DEL...
2025-08-13 18:16:48.923 | INFO     | __main__:procesar_documento:233 - Procesado: wo17129 - 7 chunks
2025-08-13 18:16:49.154 | SUCCESS  | __main__:generar_embeddings_y_subir:330 - Subido a Pinecone: wo17151 - 3 chunks
2025-08-13 18:16:49.751 | INFO     | __main__:descargar_documento:158 - Descargado: wo17156 - LEY QUE CREA EL INSTITUTO...
2025-08-13 18:16:49.802 | INFO     | __main__:procesar_documento:233 - Procesado: wo17156 - 4 chunks
2025-08-13 18:16:50.237 | SUCCESS  | __main__:generar_embeddings_y_subir:330 - Subido a Pinecone: wo17129 - 7 chunks
2025-08-13 18:16:50.625 | INFO     | __main__:descargar_documento:158 - Descargado: wo17131 - LEY ORGÁNICA DEL INSTITUTO...
2025-08-13 18:16:50.668 | INFO     | __main__:procesar_documento:233 - Procesado: wo17131 - 4 chunks
2025-08-13 18:16:51.685 | SUCCESS  | __main__:generar_embeddings_y_subir:330 - Subido a Pinecone: wo17131 - 4 chunks
2025-08-13 18:16:52.795 | SUCCESS  | __main__:generar_embeddings_y_subir:330 - Subido a Pinecone: wo17156 - 4 chunks
2025-08-13 18:16:52.964 | INFO     | __main__:descargar_documento:158 - Descargado: wo17164 - Ley que Establece las Normas Mínimas sobre Readapt...
2025-08-13 18:16:53.001 | INFO     | __main__:procesar_documento:233 - Procesado: wo17164 - 5 chunks
2025-08-13 18:16:53.136 | INFO     | __main__:descargar_documento:158 - Descargado: wo17160 - LEY QUE DECLARA RESERVAS...
2025-08-13 18:16:53.161 | INFO     | __main__:procesar_documento:233 - Procesado: wo17160 - 2 chunks
2025-08-13 18:16:53.869 | SUCCESS  | __main__:generar_embeddings_y_subir:330 - Subido a Pinecone: wo17160 - 2 chunks
2025-08-13 18:16:53.970 | INFO     | __main__:mostrar_progreso:365 - Progreso: 124 documentos | Descargados: 125 | Procesados: 125 | Subidos: 124 | Errores: 1
2025-08-13 18:16:54.072 | SUCCESS  | __main__:generar_embeddings_y_subir:330 - Subido a Pinecone: wo17164 - 5 chunks
2025-08-13 18:16:54.391 | INFO     | __main__:descargar_documento:158 - Descargado: wo39036 - LEY GENERAL DE EDUCACIÓN...
2025-08-13 18:16:54.497 | INFO     | __main__:descargar_documento:158 - Descargado: wo17176 - LEY SOBRE DELITOS DE...
2025-08-13 18:16:54.533 | INFO     | __main__:procesar_documento:233 - Procesado: wo39036 - 25 chunks
2025-08-13 18:16:54.537 | INFO     | __main__:procesar_documento:233 - Procesado: wo17176 - 8 chunks
2025-08-13 18:16:56.366 | SUCCESS  | __main__:generar_embeddings_y_subir:330 - Subido a Pinecone: wo17176 - 8 chunks
2025-08-13 18:16:56.643 | INFO     | __main__:descargar_documento:158 - Descargado: wo17179 - LEY SOBRE ELABORACIÓN Y...
2025-08-13 18:16:56.676 | INFO     | __main__:procesar_documento:233 - Procesado: wo17179 - 3 chunks
2025-08-13 18:16:57.334 | SUCCESS  | __main__:generar_embeddings_y_subir:330 - Subido a Pinecone: wo17179 - 3 chunks
2025-08-13 18:16:57.630 | INFO     | __main__:descargar_documento:158 - Descargado: wo17181 - LEY SOBRE LA CELEBRACIÓN...
2025-08-13 18:16:57.659 | INFO     | __main__:procesar_documento:233 - Procesado: wo17181 - 4 chunks
2025-08-13 18:16:58.288 | SUCCESS  | __main__:generar_embeddings_y_subir:330 - Subido a Pinecone: wo17181 - 4 chunks
2025-08-13 18:16:59.964 | SUCCESS  | __main__:generar_embeddings_y_subir:330 - Subido a Pinecone: wo39036 - 25 chunks
2025-08-13 18:17:02.664 | INFO     | __main__:descargar_documento:158 - Descargado: wo37634 - LEY PARA REGULAR LAS...
2025-08-13 18:17:03.053 | INFO     | __main__:descargar_documento:158 - Descargado: wo38912 - LEY ORGÁNICA DE LA FINANCIERA NACIONAL...
2025-08-13 18:17:03.364 | INFO     | __main__:procesar_documento:233 - Procesado: wo37634 - 59 chunks
2025-08-13 18:17:03.367 | INFO     | __main__:procesar_documento:233 - Procesado: wo38912 - 19 chunks
2025-08-13 18:17:08.963 | SUCCESS  | __main__:generar_embeddings_y_subir:330 - Subido a Pinecone: wo38912 - 19 chunks
2025-08-13 18:17:11.538 | INFO     | __main__:descargar_documento:158 - Descargado: wo38915 - LEY FEDERAL PARA EL...
2025-08-13 18:17:11.794 | INFO     | __main__:procesar_documento:233 - Procesado: wo38915 - 20 chunks
2025-08-13 18:17:15.676 | SUCCESS  | __main__:generar_embeddings_y_subir:330 - Subido a Pinecone: wo38915 - 20 chunks
2025-08-13 18:17:18.080 | SUCCESS  | __main__:generar_embeddings_y_subir:330 - Subido a Pinecone: wo37634 - 59 chunks
2025-08-13 18:17:19.774 | INFO     | __main__:descargar_documento:158 - Descargado: wo82065 - LEY GENERAL DE CULTURA...
2025-08-13 18:17:20.072 | INFO     | __main__:procesar_documento:233 - Procesado: wo82065 - 35 chunks
2025-08-13 18:17:22.583 | INFO     | __main__:descargar_documento:158 - Descargado: wo83174 - Ley del Impuesto Especial sobre Producción y Servi...
2025-08-13 18:17:23.290 | INFO     | __main__:procesar_documento:233 - Procesado: wo83174 - 67 chunks
2025-08-13 18:17:26.012 | SUCCESS  | __main__:generar_embeddings_y_subir:330 - Subido a Pinecone: wo82065 - 35 chunks
2025-08-13 18:17:27.198 | INFO     | __main__:descargar_documento:158 - Descargado: wo83139 - LEY DE MIGRACIÓN...
2025-08-13 18:17:27.498 | INFO     | __main__:procesar_documento:233 - Procesado: wo83139 - 32 chunks
2025-08-13 18:17:33.069 | SUCCESS  | __main__:generar_embeddings_y_subir:330 - Subido a Pinecone: wo83139 - 32 chunks
2025-08-13 18:17:33.359 | SUCCESS  | __main__:generar_embeddings_y_subir:330 - Subido a Pinecone: wo83174 - 67 chunks
2025-08-13 18:17:34.547 | INFO     | __main__:descargar_documento:158 - Descargado: wo83200 - LEY SOBRE EL CONTRATO DE...
2025-08-13 18:17:34.738 | INFO     | __main__:procesar_documento:233 - Procesado: wo83200 - 18 chunks
2025-08-13 18:17:35.910 | INFO     | __main__:descargar_documento:158 - Descargado: wo83103 - LEY DE AGUAS NACIONALES...
2025-08-13 18:17:36.527 | INFO     | __main__:procesar_documento:233 - Procesado: wo83103 - 62 chunks
2025-08-13 18:17:37.444 | SUCCESS  | __main__:generar_embeddings_y_subir:330 - Subido a Pinecone: wo83200 - 18 chunks
2025-08-13 18:17:37.641 | INFO     | __main__:descargar_documento:158 - Descargado: wo83556 - LEY QUE ESTABLECE BASES...
2025-08-13 18:17:37.684 | INFO     | __main__:procesar_documento:233 - Procesado: wo83556 - 3 chunks
2025-08-13 18:17:38.348 | SUCCESS  | __main__:generar_embeddings_y_subir:330 - Subido a Pinecone: wo83556 - 3 chunks
2025-08-13 18:17:38.555 | INFO     | __main__:descargar_documento:158 - Descargado: wo83176 - Ley del Sistema de Horario en los Estados Unidos M...
2025-08-13 18:17:38.576 | INFO     | __main__:procesar_documento:233 - Procesado: wo83176 - 2 chunks
2025-08-13 18:17:39.043 | SUCCESS  | __main__:generar_embeddings_y_subir:330 - Subido a Pinecone: wo83176 - 2 chunks
2025-08-13 18:17:39.519 | INFO     | __main__:descargar_documento:158 - Descargado: wo83178 - LEY FEDERAL DE PROTECCIÓN...
2025-08-13 18:17:39.604 | INFO     | __main__:procesar_documento:233 - Procesado: wo83178 - 9 chunks
2025-08-13 18:17:41.214 | SUCCESS  | __main__:generar_embeddings_y_subir:330 - Subido a Pinecone: wo83178 - 9 chunks
2025-08-13 18:17:43.137 | INFO     | __main__:descargar_documento:158 - Descargado: wo83181 - Ley Federal de Responsabilidades Administrativas d...
2025-08-13 18:17:43.375 | INFO     | __main__:procesar_documento:233 - Procesado: wo83181 - 26 chunks
2025-08-13 18:17:45.519 | SUCCESS  | __main__:generar_embeddings_y_subir:330 - Subido a Pinecone: wo83103 - 62 chunks
2025-08-13 18:17:46.883 | INFO     | __main__:descargar_documento:158 - Descargado: wo83108 - LEY DE CAMINOS, PUENTES Y...
2025-08-13 18:17:47.019 | INFO     | __main__:procesar_documento:233 - Procesado: wo83108 - 18 chunks
2025-08-13 18:17:47.627 | SUCCESS  | __main__:generar_embeddings_y_subir:330 - Subido a Pinecone: wo83181 - 26 chunks
2025-08-13 18:17:49.148 | INFO     | __main__:descargar_documento:158 - Descargado: wo83182 - LEY FEDERAL DEL IMPUESTO...
2025-08-13 18:17:49.355 | INFO     | __main__:procesar_documento:233 - Procesado: wo83182 - 12 chunks
2025-08-13 18:17:50.552 | SUCCESS  | __main__:generar_embeddings_y_subir:330 - Subido a Pinecone: wo83108 - 18 chunks
2025-08-13 18:17:51.914 | SUCCESS  | __main__:generar_embeddings_y_subir:330 - Subido a Pinecone: wo83182 - 12 chunks
2025-08-13 18:17:52.904 | INFO     | __main__:descargar_documento:158 - Descargado: wo83111 - Ley de Ciencia y Tecnología...
2025-08-13 18:17:53.050 | INFO     | __main__:procesar_documento:233 - Procesado: wo83111 - 22 chunks
2025-08-13 18:17:53.529 | INFO     | __main__:descargar_documento:158 - Descargado: wo83183 - LEY GENERAL DE BIENES...
2025-08-13 18:17:53.709 | INFO     | __main__:procesar_documento:233 - Procesado: wo83183 - 36 chunks
2025-08-13 18:17:58.640 | SUCCESS  | __main__:generar_embeddings_y_subir:330 - Subido a Pinecone: wo83111 - 22 chunks
2025-08-13 18:17:59.801 | INFO     | __main__:descargar_documento:158 - Descargado: wo83120 - LEY DE LA POLICÍA FEDERAL...
2025-08-13 18:17:59.940 | INFO     | __main__:procesar_documento:233 - Procesado: wo83120 - 15 chunks
2025-08-13 18:18:01.425 | SUCCESS  | __main__:generar_embeddings_y_subir:330 - Subido a Pinecone: wo83183 - 36 chunks
2025-08-13 18:18:02.755 | SUCCESS  | __main__:generar_embeddings_y_subir:330 - Subido a Pinecone: wo83120 - 15 chunks
2025-08-13 18:18:04.709 | INFO     | __main__:descargar_documento:158 - Descargado: wo83184 - Ley General de Desarrollo Forestal Sustentable...
2025-08-13 18:18:05.020 | INFO     | __main__:procesar_documento:233 - Procesado: wo83184 - 38 chunks
2025-08-13 18:18:05.270 | INFO     | __main__:descargar_documento:158 - Descargado: wo83188 - DECRETO por el que se expide la Ley de Migración y...
2025-08-13 18:18:05.480 | INFO     | __main__:procesar_documento:233 - Procesado: wo83188 - 19 chunks
2025-08-13 18:18:09.307 | SUCCESS  | __main__:generar_embeddings_y_subir:330 - Subido a Pinecone: wo83188 - 19 chunks
2025-08-13 18:18:13.114 | SUCCESS  | __main__:generar_embeddings_y_subir:330 - Subido a Pinecone: wo83184 - 38 chunks
2025-08-13 18:18:14.726 | INFO     | __main__:descargar_documento:158 - Descargado: wo83189 - LEY GENERAL DE VÍCTIMAS...
2025-08-13 18:18:14.943 | INFO     | __main__:descargar_documento:158 - Descargado: wo83185 - LEY GENERAL DE DESARROLLO SOCIAL...
2025-08-13 18:18:15.393 | INFO     | __main__:procesar_documento:233 - Procesado: wo83185 - 12 chunks
2025-08-13 18:18:15.400 | INFO     | __main__:procesar_documento:233 - Procesado: wo83189 - 49 chunks
2025-08-13 18:18:17.817 | SUCCESS  | __main__:generar_embeddings_y_subir:330 - Subido a Pinecone: wo83185 - 12 chunks
2025-08-13 18:18:18.322 | INFO     | __main__:descargar_documento:158 - Descargado: wo83186 - LEY FEDERAL DE DEUDA...
2025-08-13 18:18:18.389 | INFO     | __main__:procesar_documento:233 - Procesado: wo83186 - 11 chunks
2025-08-13 18:18:20.409 | SUCCESS  | __main__:generar_embeddings_y_subir:330 - Subido a Pinecone: wo83186 - 11 chunks
2025-08-13 18:18:20.510 | INFO     | __main__:mostrar_progreso:365 - Progreso: 150 documentos | Descargados: 151 | Procesados: 151 | Subidos: 150 | Errores: 1
2025-08-13 18:18:23.829 | INFO     | __main__:descargar_documento:158 - Descargado: wo83193 - LEY GENERAL PARA LA...
2025-08-13 18:18:24.051 | INFO     | __main__:procesar_documento:233 - Procesado: wo83193 - 28 chunks
2025-08-13 18:18:25.759 | SUCCESS  | __main__:generar_embeddings_y_subir:330 - Subido a Pinecone: wo83189 - 49 chunks
2025-08-13 18:18:28.952 | INFO     | __main__:descargar_documento:158 - Descargado: wo83190 - LEY GENERAL DE VIDA...
2025-08-13 18:18:29.243 | INFO     | __main__:procesar_documento:233 - Procesado: wo83190 - 33 chunks
2025-08-13 18:18:29.451 | SUCCESS  | __main__:generar_embeddings_y_subir:330 - Subido a Pinecone: wo83193 - 28 chunks
2025-08-13 18:18:31.739 | INFO     | __main__:descargar_documento:158 - Descargado: wo83194 - Ley Orgánica de la Procuraduría General de la Repú...
2025-08-13 18:18:32.012 | INFO     | __main__:procesar_documento:233 - Procesado: wo83194 - 22 chunks
2025-08-13 18:18:35.668 | SUCCESS  | __main__:generar_embeddings_y_subir:330 - Subido a Pinecone: wo83194 - 22 chunks
2025-08-13 18:18:36.274 | INFO     | __main__:descargar_documento:158 - Descargado: wo83195 - LEY ORGÁNICA DEL BANCO...
2025-08-13 18:18:36.372 | INFO     | __main__:procesar_documento:233 - Procesado: wo83195 - 9 chunks
2025-08-13 18:18:36.710 | SUCCESS  | __main__:generar_embeddings_y_subir:330 - Subido a Pinecone: wo83190 - 33 chunks
2025-08-13 18:18:37.721 | SUCCESS  | __main__:generar_embeddings_y_subir:330 - Subido a Pinecone: wo83195 - 9 chunks
2025-08-13 18:18:42.291 | INFO     | __main__:descargar_documento:158 - Descargado: wo83191 - LEY GENERAL DEL EQUILIBRIO...
2025-08-13 18:18:42.746 | INFO     | __main__:procesar_documento:233 - Procesado: wo83191 - 65 chunks
2025-08-13 18:18:43.227 | INFO     | __main__:descargar_documento:158 - Descargado: wo83196 - LEY ORGÁNICA DEL PODER...
2025-08-13 18:18:44.011 | INFO     | __main__:procesar_documento:233 - Procesado: wo83196 - 53 chunks
2025-08-13 18:18:55.973 | SUCCESS  | __main__:generar_embeddings_y_subir:330 - Subido a Pinecone: wo83196 - 53 chunks
2025-08-13 18:18:56.173 | SUCCESS  | __main__:generar_embeddings_y_subir:330 - Subido a Pinecone: wo83191 - 65 chunks
2025-08-13 18:18:57.019 | INFO     | __main__:descargar_documento:158 - Descargado: wo83192 - LEY GENERAL PARA EL...
2025-08-13 18:18:57.099 | INFO     | __main__:procesar_documento:233 - Procesado: wo83192 - 10 chunks
2025-08-13 18:18:57.465 | INFO     | __main__:descargar_documento:158 - Descargado: wo83197 - Ley para el Aprovechamiento de Energías Renovables...
2025-08-13 18:18:57.541 | INFO     | __main__:procesar_documento:233 - Procesado: wo83197 - 7 chunks
2025-08-13 18:18:58.907 | SUCCESS  | __main__:generar_embeddings_y_subir:330 - Subido a Pinecone: wo83192 - 10 chunks
2025-08-13 18:18:59.374 | SUCCESS  | __main__:generar_embeddings_y_subir:330 - Subido a Pinecone: wo83197 - 7 chunks
2025-08-13 18:18:59.577 | INFO     | __main__:descargar_documento:158 - Descargado: wo83198 - LEY PARA EL DESARROLLO DE...
2025-08-13 18:18:59.679 | INFO     | __main__:procesar_documento:233 - Procesado: wo83198 - 8 chunks
2025-08-13 18:19:00.272 | INFO     | __main__:descargar_documento:158 - Descargado: wo88379 - REGLAMENTO DE LA LEY...
2025-08-13 18:19:00.485 | INFO     | __main__:procesar_documento:233 - Procesado: wo88379 - 16 chunks
2025-08-13 18:19:01.062 | SUCCESS  | __main__:generar_embeddings_y_subir:330 - Subido a Pinecone: wo83198 - 8 chunks
2025-08-13 18:19:01.272 | INFO     | __main__:descargar_documento:158 - Descargado: wo83199 - LEY QUE ESTABLECE BASES...
2025-08-13 18:19:01.301 | INFO     | __main__:procesar_documento:233 - Procesado: wo83199 - 2 chunks
2025-08-13 18:19:01.989 | SUCCESS  | __main__:generar_embeddings_y_subir:330 - Subido a Pinecone: wo83199 - 2 chunks
2025-08-13 18:19:02.338 | INFO     | __main__:descargar_documento:158 - Descargado: wo83799 - LEY QUE CREA EL FONDO DE...
2025-08-13 18:19:02.402 | INFO     | __main__:procesar_documento:233 - Procesado: wo83799 - 4 chunks
2025-08-13 18:19:03.178 | SUCCESS  | __main__:generar_embeddings_y_subir:330 - Subido a Pinecone: wo83799 - 4 chunks
2025-08-13 18:19:03.811 | SUCCESS  | __main__:generar_embeddings_y_subir:330 - Subido a Pinecone: wo88379 - 16 chunks
2025-08-13 18:19:03.887 | INFO     | __main__:descargar_documento:158 - Descargado: wo85396 - DECRETO por el que se expide la Ley del Instituto ...
2025-08-13 18:19:03.932 | INFO     | __main__:procesar_documento:233 - Procesado: wo85396 - 9 chunks
2025-08-13 18:19:05.293 | INFO     | __main__:descargar_documento:158 - Descargado: wo88372 - Reglamento de la Ley Aduanera...
2025-08-13 18:19:05.451 | INFO     | __main__:procesar_documento:233 - Procesado: wo88372 - 26 chunks
2025-08-13 18:19:05.503 | SUCCESS  | __main__:generar_embeddings_y_subir:330 - Subido a Pinecone: wo85396 - 9 chunks
2025-08-13 18:19:06.946 | INFO     | __main__:descargar_documento:158 - Descargado: wo85397 - LEY GENERAL DEL SERVICIO PROFESIONAL DOCENTE...
2025-08-13 18:19:07.038 | INFO     | __main__:procesar_documento:233 - Procesado: wo85397 - 18 chunks
2025-08-13 18:19:10.414 | SUCCESS  | __main__:generar_embeddings_y_subir:330 - Subido a Pinecone: wo88372 - 26 chunks
2025-08-13 18:19:10.566 | SUCCESS  | __main__:generar_embeddings_y_subir:330 - Subido a Pinecone: wo85397 - 18 chunks
2025-08-13 18:19:11.614 | INFO     | __main__:descargar_documento:158 - Descargado: wo88475 - REGLAMENTO DE LA LEY...
2025-08-13 18:19:11.803 | INFO     | __main__:procesar_documento:233 - Procesado: wo88475 - 18 chunks
2025-08-13 18:19:12.027 | INFO     | __main__:descargar_documento:158 - Descargado: wo88479 - REGLAMENTO DE LA LEY...
2025-08-13 18:19:12.140 | INFO     | __main__:procesar_documento:233 - Procesado: wo88479 - 12 chunks
2025-08-13 18:19:14.824 | SUCCESS  | __main__:generar_embeddings_y_subir:330 - Subido a Pinecone: wo88479 - 12 chunks
2025-08-13 18:19:15.815 | INFO     | __main__:descargar_documento:158 - Descargado: wo88480 - REGLAMENTO DE LA LEY...
2025-08-13 18:19:15.890 | INFO     | __main__:procesar_documento:233 - Procesado: wo88480 - 12 chunks
2025-08-13 18:19:16.268 | SUCCESS  | __main__:generar_embeddings_y_subir:330 - Subido a Pinecone: wo88475 - 18 chunks
2025-08-13 18:19:17.321 | INFO     | __main__:descargar_documento:158 - Descargado: wo88476 - REGLAMENTO DE LA LEY...
2025-08-13 18:19:17.372 | INFO     | __main__:procesar_documento:233 - Procesado: wo88476 - 8 chunks
2025-08-13 18:19:18.657 | SUCCESS  | __main__:generar_embeddings_y_subir:330 - Subido a Pinecone: wo88476 - 8 chunks
2025-08-13 18:19:19.156 | SUCCESS  | __main__:generar_embeddings_y_subir:330 - Subido a Pinecone: wo88480 - 12 chunks
2025-08-13 18:19:20.673 | INFO     | __main__:descargar_documento:158 - Descargado: wo88481 - REGLAMENTO DE LA LEY FEDERAL DE TURISMO...
2025-08-13 18:19:20.743 | INFO     | __main__:procesar_documento:233 - Procesado: wo88481 - 8 chunks
2025-08-13 18:19:22.241 | SUCCESS  | __main__:generar_embeddings_y_subir:330 - Subido a Pinecone: wo88481 - 8 chunks
2025-08-13 18:19:23.204 | INFO     | __main__:descargar_documento:158 - Descargado: wo88482 - REGLAMENTO DE LA LEY...
2025-08-13 18:19:23.279 | INFO     | __main__:procesar_documento:233 - Procesado: wo88482 - 9 chunks
2025-08-13 18:19:25.012 | SUCCESS  | __main__:generar_embeddings_y_subir:330 - Subido a Pinecone: wo88482 - 9 chunks
2025-08-13 18:19:26.042 | INFO     | __main__:descargar_documento:158 - Descargado: wo88477 - REGLAMENTO DE LA LEY...
2025-08-13 18:19:26.380 | INFO     | __main__:procesar_documento:233 - Procesado: wo88477 - 46 chunks
2025-08-13 18:19:29.625 | INFO     | __main__:descargar_documento:158 - Descargado: wo88520 - REGLAMENTO DE LA LEY...
2025-08-13 18:19:29.763 | INFO     | __main__:procesar_documento:233 - Procesado: wo88520 - 17 chunks
2025-08-13 18:19:32.931 | SUCCESS  | __main__:generar_embeddings_y_subir:330 - Subido a Pinecone: wo88520 - 17 chunks
2025-08-13 18:19:33.339 | INFO     | __main__:descargar_documento:158 - Descargado: wo88521 - REGLAMENTO DE LA LEY...
2025-08-13 18:19:33.382 | INFO     | __main__:procesar_documento:233 - Procesado: wo88521 - 3 chunks
2025-08-13 18:19:33.797 | SUCCESS  | __main__:generar_embeddings_y_subir:330 - Subido a Pinecone: wo88477 - 46 chunks
2025-08-13 18:19:33.900 | INFO     | __main__:mostrar_progreso:365 - Progreso: 174 documentos | Descargados: 175 | Procesados: 175 | Subidos: 174 | Errores: 1
2025-08-13 18:19:34.215 | SUCCESS  | __main__:generar_embeddings_y_subir:330 - Subido a Pinecone: wo88521 - 3 chunks
2025-08-13 18:19:38.618 | INFO     | __main__:descargar_documento:158 - Descargado: wo88406 - REGLAMENTO DE LA LEY DE...
2025-08-13 18:19:39.086 | INFO     | __main__:procesar_documento:233 - Procesado: wo88406 - 46 chunks
2025-08-13 18:19:40.141 | INFO     | __main__:descargar_documento:158 - Descargado: wo88522 - REGLAMENTO DE LA LEY...
2025-08-13 18:19:40.272 | INFO     | __main__:procesar_documento:233 - Procesado: wo88522 - 13 chunks
2025-08-13 18:19:43.055 | SUCCESS  | __main__:generar_embeddings_y_subir:330 - Subido a Pinecone: wo88522 - 13 chunks
2025-08-13 18:19:43.900 | INFO     | __main__:descargar_documento:158 - Descargado: wo88523 - REGLAMENTO DE LA LEY...
2025-08-13 18:19:43.953 | INFO     | __main__:procesar_documento:233 - Procesado: wo88523 - 8 chunks
2025-08-13 18:19:45.327 | SUCCESS  | __main__:generar_embeddings_y_subir:330 - Subido a Pinecone: wo88523 - 8 chunks
2025-08-13 18:19:46.589 | INFO     | __main__:descargar_documento:158 - Descargado: wo88524 - REGLAMENTO DE LA LEY...
2025-08-13 18:19:46.769 | INFO     | __main__:procesar_documento:233 - Procesado: wo88524 - 18 chunks
2025-08-13 18:19:53.204 | SUCCESS  | __main__:generar_embeddings_y_subir:330 - Subido a Pinecone: wo88524 - 18 chunks
2025-08-13 18:19:53.609 | INFO     | __main__:descargar_documento:158 - Descargado: wo88405 - REGLAMENTO DE LA LEY AGRARIA PARA FOMENTAR LA ORGA...
2025-08-13 18:19:53.617 | INFO     | __main__:procesar_documento:233 - Procesado: wo88405 - 1 chunks
2025-08-13 18:19:53.909 | SUCCESS  | __main__:generar_embeddings_y_subir:330 - Subido a Pinecone: wo88405 - 1 chunks
2025-08-13 18:19:54.331 | SUCCESS  | __main__:generar_embeddings_y_subir:330 - Subido a Pinecone: wo88406 - 46 chunks
2025-08-13 18:19:55.989 | INFO     | __main__:descargar_documento:158 - Descargado: wo88411 - REGLAMENTO DE LA LEY DE...
2025-08-13 18:19:56.185 | INFO     | __main__:procesar_documento:233 - Procesado: wo88411 - 25 chunks
2025-08-13 18:19:57.991 | INFO     | __main__:descargar_documento:158 - Descargado: wo88407 - REGLAMENTO DE LA LEY DE...
2025-08-13 18:19:58.237 | INFO     | __main__:procesar_documento:233 - Procesado: wo88407 - 32 chunks
2025-08-13 18:20:01.228 | SUCCESS  | __main__:generar_embeddings_y_subir:330 - Subido a Pinecone: wo88411 - 25 chunks
2025-08-13 18:20:03.787 | INFO     | __main__:descargar_documento:158 - Descargado: wo88412 - REGLAMENTO DE LA LEY DE...
2025-08-13 18:20:03.868 | INFO     | __main__:procesar_documento:233 - Procesado: wo88412 - 9 chunks
2025-08-13 18:20:06.125 | SUCCESS  | __main__:generar_embeddings_y_subir:330 - Subido a Pinecone: wo88412 - 9 chunks
2025-08-13 18:20:08.367 | SUCCESS  | __main__:generar_embeddings_y_subir:330 - Subido a Pinecone: wo88407 - 32 chunks
2025-08-13 18:20:18.442 | INFO     | __main__:descargar_documento:158 - Descargado: wo88408 - REGLAMENTO DE LA LEY DE...
2025-08-13 18:20:18.752 | INFO     | __main__:procesar_documento:233 - Procesado: wo88408 - 36 chunks
2025-08-13 18:20:25.236 | INFO     | __main__:descargar_documento:158 - Descargado: wo88413 - REGLAMENTO DE LA LEY DE...
2025-08-13 18:20:25.584 | INFO     | __main__:procesar_documento:233 - Procesado: wo88413 - 50 chunks
2025-08-13 18:20:27.299 | SUCCESS  | __main__:generar_embeddings_y_subir:330 - Subido a Pinecone: wo88408 - 36 chunks
2025-08-13 18:20:29.076 | INFO     | __main__:descargar_documento:158 - Descargado: wo88409 - REGLAMENTO DE LA LEY DE...
2025-08-13 18:20:29.223 | INFO     | __main__:procesar_documento:233 - Procesado: wo88409 - 10 chunks
2025-08-13 18:20:31.515 | SUCCESS  | __main__:generar_embeddings_y_subir:330 - Subido a Pinecone: wo88409 - 10 chunks
2025-08-13 18:20:35.009 | INFO     | __main__:descargar_documento:158 - Descargado: wo88410 - REGLAMENTO DE LA LEY DE...
2025-08-13 18:20:35.641 | INFO     | __main__:procesar_documento:233 - Procesado: wo88410 - 21 chunks
2025-08-13 18:20:35.912 | SUCCESS  | __main__:generar_embeddings_y_subir:330 - Subido a Pinecone: wo88413 - 50 chunks
2025-08-13 18:20:36.930 | INFO     | __main__:descargar_documento:158 - Descargado: wo88414 - REGLAMENTO DE LA LEY DE...
2025-08-13 18:20:37.071 | INFO     | __main__:procesar_documento:233 - Procesado: wo88414 - 14 chunks
2025-08-13 18:20:39.471 | SUCCESS  | __main__:generar_embeddings_y_subir:330 - Subido a Pinecone: wo88414 - 14 chunks
2025-08-13 18:20:39.793 | INFO     | __main__:descargar_documento:158 - Descargado: wo88418 - REGLAMENTO DE LA LEY DE...
2025-08-13 18:20:39.838 | INFO     | __main__:procesar_documento:233 - Procesado: wo88418 - 5 chunks
2025-08-13 18:20:40.689 | SUCCESS  | __main__:generar_embeddings_y_subir:330 - Subido a Pinecone: wo88410 - 21 chunks
2025-08-13 18:20:40.737 | SUCCESS  | __main__:generar_embeddings_y_subir:330 - Subido a Pinecone: wo88418 - 5 chunks
2025-08-13 18:20:42.090 | INFO     | __main__:descargar_documento:158 - Descargado: wo88424 - REGLAMENTO DE LA LEY DE...
2025-08-13 18:20:42.133 | INFO     | __main__:procesar_documento:233 - Procesado: wo88424 - 4 chunks
2025-08-13 18:20:42.923 | SUCCESS  | __main__:generar_embeddings_y_subir:330 - Subido a Pinecone: wo88424 - 4 chunks
2025-08-13 18:20:45.002 | INFO     | __main__:descargar_documento:158 - Descargado: wo88419 - REGLAMENTO DE LA LEY DE...
2025-08-13 18:20:45.282 | INFO     | __main__:procesar_documento:233 - Procesado: wo88419 - 31 chunks
2025-08-13 18:20:48.571 | INFO     | __main__:descargar_documento:158 - Descargado: wo88450 - REGLAMENTO DE LA LEY DEL...
2025-08-13 18:20:49.078 | INFO     | __main__:procesar_documento:233 - Procesado: wo88450 - 50 chunks
2025-08-13 18:20:51.534 | SUCCESS  | __main__:generar_embeddings_y_subir:330 - Subido a Pinecone: wo88419 - 31 chunks
2025-08-13 18:20:51.924 | INFO     | __main__:descargar_documento:158 - Descargado: wo88420 - REGLAMENTO DE LA LEY DE...
2025-08-13 18:20:51.961 | INFO     | __main__:procesar_documento:233 - Procesado: wo88420 - 5 chunks
2025-08-13 18:20:53.086 | SUCCESS  | __main__:generar_embeddings_y_subir:330 - Subido a Pinecone: wo88420 - 5 chunks
2025-08-13 18:20:55.028 | INFO     | __main__:descargar_documento:158 - Descargado: wo88421 - REGLAMENTO DE LA LEY DE...
2025-08-13 18:20:55.241 | INFO     | __main__:procesar_documento:233 - Procesado: wo88421 - 16 chunks
2025-08-13 18:20:57.841 | SUCCESS  | __main__:generar_embeddings_y_subir:330 - Subido a Pinecone: wo88450 - 50 chunks
2025-08-13 18:20:58.217 | INFO     | __main__:descargar_documento:158 - Descargado: wo88451 - REGLAMENTO DE LA LEY DEL...
2025-08-13 18:20:58.234 | INFO     | __main__:procesar_documento:233 - Procesado: wo88451 - 4 chunks
2025-08-13 18:20:58.291 | SUCCESS  | __main__:generar_embeddings_y_subir:330 - Subido a Pinecone: wo88421 - 16 chunks
2025-08-13 18:20:58.593 | INFO     | __main__:descargar_documento:158 - Descargado: wo88422 - REGLAMENTO DE LA LEY DE ENERGÍA PARA EL CAMPO...
2025-08-13 18:20:58.607 | INFO     | __main__:procesar_documento:233 - Procesado: wo88422 - 3 chunks
2025-08-13 18:20:59.096 | SUCCESS  | __main__:generar_embeddings_y_subir:330 - Subido a Pinecone: wo88451 - 4 chunks
2025-08-13 18:20:59.316 | SUCCESS  | __main__:generar_embeddings_y_subir:330 - Subido a Pinecone: wo88422 - 3 chunks
2025-08-13 18:21:00.291 | INFO     | __main__:descargar_documento:158 - Descargado: wo88452 - REGLAMENTO DE LA LEY DEL...
2025-08-13 18:21:00.361 | INFO     | __main__:procesar_documento:233 - Procesado: wo88452 - 10 chunks
2025-08-13 18:21:03.282 | SUCCESS  | __main__:generar_embeddings_y_subir:330 - Subido a Pinecone: wo88452 - 10 chunks
2025-08-13 18:21:06.531 | INFO     | __main__:descargar_documento:158 - Descargado: wo88453 - REGLAMENTO DE LA LEY DEL SERVICIO DE TESORERÍA DE ...
2025-08-13 18:21:06.647 | INFO     | __main__:procesar_documento:233 - Procesado: wo88453 - 38 chunks
2025-08-13 18:21:07.631 | INFO     | __main__:descargar_documento:158 - Descargado: wo88423 - 05_REGLAMENTO de la Ley de Fomento Agropecuario.do...
2025-08-13 18:21:09.074 | INFO     | __main__:procesar_documento:233 - Procesado: wo88423 - 16 chunks
2025-08-13 18:21:13.214 | SUCCESS  | __main__:generar_embeddings_y_subir:330 - Subido a Pinecone: wo88423 - 16 chunks
2025-08-13 18:21:15.701 | INFO     | __main__:descargar_documento:158 - Descargado: wo88454 - REGLAMENTO DE LA LEY DEL...
2025-08-13 18:21:15.907 | INFO     | __main__:procesar_documento:233 - Procesado: wo88454 - 30 chunks
2025-08-13 18:21:16.996 | SUCCESS  | __main__:generar_embeddings_y_subir:330 - Subido a Pinecone: wo88453 - 38 chunks
2025-08-13 18:21:17.099 | INFO     | __main__:mostrar_progreso:365 - Progreso: 199 documentos | Descargados: 200 | Procesados: 200 | Subidos: 199 | Errores: 1
2025-08-13 18:21:17.809 | INFO     | __main__:descargar_documento:158 - Descargado: wo88466 - REGLAMENTO DE LA LEY...
2025-08-13 18:21:17.905 | INFO     | __main__:procesar_documento:233 - Procesado: wo88466 - 8 chunks
2025-08-13 18:21:20.051 | SUCCESS  | __main__:generar_embeddings_y_subir:330 - Subido a Pinecone: wo88466 - 8 chunks
2025-08-13 18:21:20.804 | INFO     | __main__:descargar_documento:158 - Descargado: wo88467 - REGLAMENTO DE LA LEY...
2025-08-13 18:21:20.896 | INFO     | __main__:procesar_documento:233 - Procesado: wo88467 - 14 chunks
2025-08-13 18:21:21.784 | SUCCESS  | __main__:generar_embeddings_y_subir:330 - Subido a Pinecone: wo88454 - 30 chunks
2025-08-13 18:21:23.115 | INFO     | __main__:descargar_documento:158 - Descargado: wo88455 - REGLAMENTO DE LA LEY DEL...
2025-08-13 18:21:23.271 | INFO     | __main__:procesar_documento:233 - Procesado: wo88455 - 18 chunks
2025-08-13 18:21:23.611 | SUCCESS  | __main__:generar_embeddings_y_subir:330 - Subido a Pinecone: wo88467 - 14 chunks
2025-08-13 18:21:24.455 | INFO     | __main__:descargar_documento:158 - Descargado: wo88468 - REGLAMENTO DE LA LEY...
2025-08-13 18:21:24.584 | INFO     | __main__:procesar_documento:233 - Procesado: wo88468 - 13 chunks
2025-08-13 18:21:26.995 | SUCCESS  | __main__:generar_embeddings_y_subir:330 - Subido a Pinecone: wo88455 - 18 chunks
2025-08-13 18:21:27.360 | SUCCESS  | __main__:generar_embeddings_y_subir:330 - Subido a Pinecone: wo88468 - 13 chunks
2025-08-13 18:21:28.205 | INFO     | __main__:descargar_documento:158 - Descargado: wo88469 - REGLAMENTO DE LA LEY...
2025-08-13 18:21:28.259 | INFO     | __main__:procesar_documento:233 - Procesado: wo88469 - 6 chunks
2025-08-13 18:21:29.108 | INFO     | __main__:descargar_documento:158 - Descargado: wo88456 - REGLAMENTO DE LA LEY DEL...
2025-08-13 18:21:29.212 | INFO     | __main__:procesar_documento:233 - Procesado: wo88456 - 18 chunks
2025-08-13 18:21:29.607 | SUCCESS  | __main__:generar_embeddings_y_subir:330 - Subido a Pinecone: wo88469 - 6 chunks
2025-08-13 18:21:31.474 | INFO     | __main__:descargar_documento:158 - Descargado: wo88470 - REGLAMENTO DE LA LEY...
2025-08-13 18:21:31.678 | INFO     | __main__:procesar_documento:233 - Procesado: wo88470 - 23 chunks
2025-08-13 18:21:32.468 | SUCCESS  | __main__:generar_embeddings_y_subir:330 - Subido a Pinecone: wo88456 - 18 chunks
2025-08-13 18:21:33.245 | INFO     | __main__:descargar_documento:158 - Descargado: wo88459 - REGLAMENTO DE LA LEY DEL...
2025-08-13 18:21:33.391 | INFO     | __main__:procesar_documento:233 - Procesado: wo88459 - 14 chunks
2025-08-13 18:21:36.762 | SUCCESS  | __main__:generar_embeddings_y_subir:330 - Subido a Pinecone: wo88470 - 23 chunks
2025-08-13 18:21:37.763 | INFO     | __main__:descargar_documento:158 - Descargado: wo88471 - REGLAMENTO DE LA LEY...
2025-08-13 18:21:37.820 | INFO     | __main__:procesar_documento:233 - Procesado: wo88471 - 8 chunks
2025-08-13 18:21:39.366 | SUCCESS  | __main__:generar_embeddings_y_subir:330 - Subido a Pinecone: wo88471 - 8 chunks
2025-08-13 18:21:40.650 | SUCCESS  | __main__:generar_embeddings_y_subir:330 - Subido a Pinecone: wo88459 - 14 chunks
2025-08-13 18:21:41.301 | INFO     | __main__:descargar_documento:158 - Descargado: wo88463 - REGLAMENTO DE LA LEY...
2025-08-13 18:21:41.360 | INFO     | __main__:procesar_documento:233 - Procesado: wo88463 - 8 chunks
2025-08-13 18:21:42.906 | SUCCESS  | __main__:generar_embeddings_y_subir:330 - Subido a Pinecone: wo88463 - 8 chunks
2025-08-13 18:21:47.742 | INFO     | __main__:descargar_documento:158 - Descargado: wo88426 - REGLAMENTO DE LA LEY DE...
2025-08-13 18:21:47.817 | INFO     | __main__:procesar_documento:233 - Procesado: wo88426 - 11 chunks
2025-08-13 18:21:49.687 | SUCCESS  | __main__:generar_embeddings_y_subir:330 - Subido a Pinecone: wo88426 - 11 chunks
2025-08-13 18:21:55.009 | INFO     | __main__:descargar_documento:158 - Descargado: wo88472 - REGLAMENTO DE LA LEY...
2025-08-13 18:21:55.736 | INFO     | __main__:procesar_documento:233 - Procesado: wo88472 - 78 chunks
2025-08-13 18:21:57.739 | INFO     | __main__:descargar_documento:158 - Descargado: wo88427 - Reglamento de la Ley de la Policía Federal...
2025-08-13 18:21:58.663 | INFO     | __main__:procesar_documento:233 - Procesado: wo88427 - 69 chunks
2025-08-13 18:22:11.883 | SUCCESS  | __main__:generar_embeddings_y_subir:330 - Subido a Pinecone: wo88427 - 69 chunks
2025-08-13 18:22:12.969 | INFO     | __main__:descargar_documento:158 - Descargado: wo88428 - REGLAMENTO DE LA LEY DE LA...
2025-08-13 18:22:13.072 | INFO     | __main__:procesar_documento:233 - Procesado: wo88428 - 13 chunks
2025-08-13 18:22:13.106 | SUCCESS  | __main__:generar_embeddings_y_subir:330 - Subido a Pinecone: wo88472 - 78 chunks
2025-08-13 18:22:13.719 | INFO     | __main__:descargar_documento:158 - Descargado: wo88473 - REGLAMENTO DE LA LEY...
2025-08-13 18:22:13.882 | INFO     | __main__:procesar_documento:233 - Procesado: wo88473 - 11 chunks
2025-08-13 18:22:15.993 | SUCCESS  | __main__:generar_embeddings_y_subir:330 - Subido a Pinecone: wo88428 - 13 chunks
2025-08-13 18:22:16.323 | SUCCESS  | __main__:generar_embeddings_y_subir:330 - Subido a Pinecone: wo88473 - 11 chunks
2025-08-13 18:22:17.128 | INFO     | __main__:descargar_documento:158 - Descargado: wo88474 - Reglamento de la Ley Federal de Protección al Cons...
2025-08-13 18:22:17.215 | INFO     | __main__:procesar_documento:233 - Procesado: wo88474 - 8 chunks
2025-08-13 18:22:17.704 | INFO     | __main__:descargar_documento:158 - Descargado: wo88429 - REGLAMENTO DE LA LEY DE...
2025-08-13 18:22:17.886 | INFO     | __main__:procesar_documento:233 - Procesado: wo88429 - 26 chunks
2025-08-13 18:22:18.554 | SUCCESS  | __main__:generar_embeddings_y_subir:330 - Subido a Pinecone: wo88474 - 8 chunks
2025-08-13 18:22:19.272 | INFO     | __main__:descargar_documento:158 - Descargado: wo88425 - REGLAMENTO DE LA LEY DE...
2025-08-13 18:22:19.331 | INFO     | __main__:procesar_documento:233 - Procesado: wo88425 - 10 chunks
2025-08-13 18:22:21.407 | SUCCESS  | __main__:generar_embeddings_y_subir:330 - Subido a Pinecone: wo88425 - 10 chunks
2025-08-13 18:22:21.744 | INFO     | __main__:descargar_documento:158 - Descargado: wo88431 - REGLAMENTO DE LA LEY DE...
2025-08-13 18:22:21.798 | INFO     | __main__:procesar_documento:233 - Procesado: wo88431 - 7 chunks
2025-08-13 18:22:22.692 | SUCCESS  | __main__:generar_embeddings_y_subir:330 - Subido a Pinecone: wo88429 - 26 chunks
2025-08-13 18:22:23.227 | SUCCESS  | __main__:generar_embeddings_y_subir:330 - Subido a Pinecone: wo88431 - 7 chunks
2025-08-13 18:22:25.942 | INFO     | __main__:descargar_documento:158 - Descargado: wo88430 - REGLAMENTO DE LA LEY DE...
2025-08-13 18:22:26.451 | INFO     | __main__:procesar_documento:233 - Procesado: wo88430 - 47 chunks
2025-08-13 18:22:30.800 | INFO     | __main__:descargar_documento:158 - Descargado: wo88434 - REGLAMENTO DE LA LEY DE...
2025-08-13 18:22:31.211 | INFO     | __main__:procesar_documento:233 - Procesado: wo88434 - 73 chunks
2025-08-13 18:22:36.431 | SUCCESS  | __main__:generar_embeddings_y_subir:330 - Subido a Pinecone: wo88430 - 47 chunks
2025-08-13 18:22:37.402 | INFO     | __main__:descargar_documento:158 - Descargado: wo88439 - REGLAMENTO DE LA LEY DE...
2025-08-13 18:22:37.502 | INFO     | __main__:procesar_documento:233 - Procesado: wo88439 - 10 chunks
2025-08-13 18:22:39.312 | SUCCESS  | __main__:generar_embeddings_y_subir:330 - Subido a Pinecone: wo88439 - 10 chunks
2025-08-13 18:22:40.164 | INFO     | __main__:descargar_documento:158 - Descargado: wo88440 - REGLAMENTO DE LA LEY DE...
2025-08-13 18:22:40.313 | INFO     | __main__:procesar_documento:233 - Procesado: wo88440 - 15 chunks
2025-08-13 18:22:42.859 | SUCCESS  | __main__:generar_embeddings_y_subir:330 - Subido a Pinecone: wo88440 - 15 chunks
2025-08-13 18:22:44.471 | INFO     | __main__:descargar_documento:158 - Descargado: wo88441 - REGLAMENTO DE LA LEY DE SANIDAD...
2025-08-13 18:22:44.642 | INFO     | __main__:procesar_documento:233 - Procesado: wo88441 - 24 chunks
2025-08-13 18:22:48.184 | SUCCESS  | __main__:generar_embeddings_y_subir:330 - Subido a Pinecone: wo88434 - 73 chunks
2025-08-13 18:22:49.024 | INFO     | __main__:descargar_documento:158 - Descargado: wo88435 - REGLAMENTO DE LA LEY DE...
2025-08-13 18:22:49.099 | INFO     | __main__:procesar_documento:233 - Procesado: wo88435 - 12 chunks
2025-08-13 18:22:49.627 | SUCCESS  | __main__:generar_embeddings_y_subir:330 - Subido a Pinecone: wo88441 - 24 chunks
2025-08-13 18:22:53.130 | SUCCESS  | __main__:generar_embeddings_y_subir:330 - Subido a Pinecone: wo88435 - 12 chunks
2025-08-13 18:22:54.451 | INFO     | __main__:descargar_documento:158 - Descargado: wo88442 - REGLAMENTO DE LA LEY DEL...
2025-08-13 18:22:54.509 | INFO     | __main__:procesar_documento:233 - Procesado: wo88442 - 9 chunks
2025-08-13 18:22:55.025 | INFO     | __main__:descargar_documento:158 - Descargado: wo88436 - REGLAMENTO DE LA LEY DE...
2025-08-13 18:22:55.389 | INFO     | __main__:procesar_documento:233 - Procesado: wo88436 - 21 chunks
2025-08-13 18:22:56.506 | SUCCESS  | __main__:generar_embeddings_y_subir:330 - Subido a Pinecone: wo88442 - 9 chunks
2025-08-13 18:22:56.713 | INFO     | __main__:descargar_documento:158 - Descargado: wo88443 - REGLAMENTO DE LA LEY DEL...
2025-08-13 18:22:56.733 | INFO     | __main__:procesar_documento:233 - Procesado: wo88443 - 3 chunks
2025-08-13 18:22:58.049 | SUCCESS  | __main__:generar_embeddings_y_subir:330 - Subido a Pinecone: wo88443 - 3 chunks
2025-08-13 18:22:58.152 | INFO     | __main__:mostrar_progreso:365 - Progreso: 227 documentos | Descargados: 228 | Procesados: 228 | Subidos: 227 | Errores: 1
2025-08-13 18:22:59.167 | SUCCESS  | __main__:generar_embeddings_y_subir:330 - Subido a Pinecone: wo88436 - 21 chunks
2025-08-13 18:23:00.506 | INFO     | __main__:descargar_documento:158 - Descargado: wo88438 - REGLAMENTO DE LA LEY DE...
2025-08-13 18:23:00.592 | INFO     | __main__:procesar_documento:233 - Procesado: wo88438 - 8 chunks
2025-08-13 18:23:00.933 | INFO     | __main__:descargar_documento:158 - Descargado: wo88444 - REGLAMENTO DE LA LEY DEL IMPUESTO SOBRE LA RENTA...
2025-08-13 18:23:01.333 | INFO     | __main__:procesar_documento:233 - Procesado: wo88444 - 67 chunks
2025-08-13 18:23:03.135 | SUCCESS  | __main__:generar_embeddings_y_subir:330 - Subido a Pinecone: wo88438 - 8 chunks
2025-08-13 18:23:07.774 | INFO     | __main__:descargar_documento:158 - Descargado: wo88449 - 06_REGLAMENTO de la Ley del Seguro Agropecuario y ...
2025-08-13 18:23:08.749 | INFO     | __main__:procesar_documento:233 - Procesado: wo88449 - 12 chunks
2025-08-13 18:23:10.792 | SUCCESS  | __main__:generar_embeddings_y_subir:330 - Subido a Pinecone: wo88449 - 12 chunks
2025-08-13 18:23:12.520 | INFO     | __main__:descargar_documento:158 - Descargado: wo88550 - REGLAMENTO DE LA LEY...
2025-08-13 18:23:12.604 | INFO     | __main__:procesar_documento:233 - Procesado: wo88550 - 12 chunks
2025-08-13 18:23:13.790 | SUCCESS  | __main__:generar_embeddings_y_subir:330 - Subido a Pinecone: wo88444 - 67 chunks
2025-08-13 18:23:14.330 | INFO     | __main__:descargar_documento:158 - Descargado: wo88445 - REGLAMENTO DE LA LEY DEL...
2025-08-13 18:23:14.389 | INFO     | __main__:procesar_documento:233 - Procesado: wo88445 - 10 chunks
2025-08-13 18:23:14.872 | SUCCESS  | __main__:generar_embeddings_y_subir:330 - Subido a Pinecone: wo88550 - 12 chunks
2025-08-13 18:23:16.337 | SUCCESS  | __main__:generar_embeddings_y_subir:330 - Subido a Pinecone: wo88445 - 10 chunks
2025-08-13 18:23:16.401 | INFO     | __main__:descargar_documento:158 - Descargado: wo88551 - Reglamento de la Ley Minera...
2025-08-13 18:23:16.586 | INFO     | __main__:procesar_documento:233 - Procesado: wo88551 - 28 chunks
2025-08-13 18:23:16.705 | INFO     | __main__:descargar_documento:158 - Descargado: wo88446 - REGLAMENTO DE LA LEY DEL...
2025-08-13 18:23:16.733 | INFO     | __main__:procesar_documento:233 - Procesado: wo88446 - 2 chunks
2025-08-13 18:23:17.361 | SUCCESS  | __main__:generar_embeddings_y_subir:330 - Subido a Pinecone: wo88446 - 2 chunks
2025-08-13 18:23:17.619 | INFO     | __main__:descargar_documento:158 - Descargado: wo88447 - REGLAMENTO DE LA LEY DEL...
2025-08-13 18:23:17.669 | INFO     | __main__:procesar_documento:233 - Procesado: wo88447 - 4 chunks
2025-08-13 18:23:18.532 | SUCCESS  | __main__:generar_embeddings_y_subir:330 - Subido a Pinecone: wo88447 - 4 chunks
2025-08-13 18:23:18.831 | INFO     | __main__:descargar_documento:158 - Descargado: wo88448 - REGLAMENTO DE LA LEY DEL...
2025-08-13 18:23:18.894 | INFO     | __main__:procesar_documento:233 - Procesado: wo88448 - 5 chunks
2025-08-13 18:23:19.775 | SUCCESS  | __main__:generar_embeddings_y_subir:330 - Subido a Pinecone: wo88448 - 5 chunks
2025-08-13 18:23:20.051 | INFO     | __main__:descargar_documento:158 - Descargado: wo88557 - Reglamento de la Ley para el Aprovechamiento Suste...
2025-08-13 18:23:20.107 | INFO     | __main__:procesar_documento:233 - Procesado: wo88557 - 5 chunks
2025-08-13 18:23:20.893 | SUCCESS  | __main__:generar_embeddings_y_subir:330 - Subido a Pinecone: wo88557 - 5 chunks
2025-08-13 18:23:21.168 | SUCCESS  | __main__:generar_embeddings_y_subir:330 - Subido a Pinecone: wo88551 - 28 chunks
2025-08-13 18:23:21.383 | INFO     | __main__:descargar_documento:158 - Descargado: wo88558 - REGLAMENTO DE LA LEY PARA...
2025-08-13 18:23:21.450 | INFO     | __main__:procesar_documento:233 - Procesado: wo88558 - 6 chunks
2025-08-13 18:23:22.419 | SUCCESS  | __main__:generar_embeddings_y_subir:330 - Subido a Pinecone: wo88558 - 6 chunks
2025-08-13 18:23:23.177 | INFO     | __main__:descargar_documento:158 - Descargado: wo88559 - REGLAMENTO DE LA LEY PARA LA...
2025-08-13 18:23:23.206 | INFO     | __main__:procesar_documento:233 - Procesado: wo88559 - 3 chunks
2025-08-13 18:23:23.861 | INFO     | __main__:descargar_documento:158 - Descargado: wo88555 - REGLAMENTO DE LA LEY...
2025-08-13 18:23:24.208 | INFO     | __main__:procesar_documento:233 - Procesado: wo88555 - 45 chunks
2025-08-13 18:23:24.468 | SUCCESS  | __main__:generar_embeddings_y_subir:330 - Subido a Pinecone: wo88559 - 3 chunks
2025-08-13 18:23:24.924 | INFO     | __main__:descargar_documento:158 - Descargado: wo88560 - REGLAMENTO DE LA LEY PARA...
2025-08-13 18:23:25.034 | INFO     | __main__:procesar_documento:233 - Procesado: wo88560 - 12 chunks
2025-08-13 18:23:28.978 | SUCCESS  | __main__:generar_embeddings_y_subir:330 - Subido a Pinecone: wo88560 - 12 chunks
2025-08-13 18:23:29.309 | INFO     | __main__:descargar_documento:158 - Descargado: wo88561 - REGLAMENTO DE LA LEY QUE...
2025-08-13 18:23:29.349 | INFO     | __main__:procesar_documento:233 - Procesado: wo88561 - 6 chunks
2025-08-13 18:23:30.444 | SUCCESS  | __main__:generar_embeddings_y_subir:330 - Subido a Pinecone: wo88561 - 6 chunks
2025-08-13 18:23:30.646 | INFO     | __main__:descargar_documento:158 - Descargado: wo88562 - REGLAMENTO DE LA LEY QUE...
2025-08-13 18:23:30.672 | INFO     | __main__:procesar_documento:233 - Procesado: wo88562 - 3 chunks
2025-08-13 18:23:31.295 | SUCCESS  | __main__:generar_embeddings_y_subir:330 - Subido a Pinecone: wo88562 - 3 chunks
2025-08-13 18:23:32.260 | INFO     | __main__:descargar_documento:158 - Descargado: wo88564 - REGLAMENTO DE LA LEY SOBRE...
2025-08-13 18:23:32.542 | INFO     | __main__:procesar_documento:233 - Procesado: wo88564 - 12 chunks
2025-08-13 18:23:34.855 | SUCCESS  | __main__:generar_embeddings_y_subir:330 - Subido a Pinecone: wo88564 - 12 chunks
2025-08-13 18:23:35.412 | INFO     | __main__:descargar_documento:158 - Descargado: wo88648 - REGLAMENTO DEL ARTÍCULO 9o. DE LA LEY DE COORDINAC...
2025-08-13 18:23:35.424 | INFO     | __main__:procesar_documento:233 - Procesado: wo88648 - 3 chunks
2025-08-13 18:23:36.030 | SUCCESS  | __main__:generar_embeddings_y_subir:330 - Subido a Pinecone: wo88555 - 45 chunks
2025-08-13 18:23:36.541 | INFO     | __main__:descargar_documento:158 - Descargado: wo88556 - Reglamento de la Ley para el Aprovechamiento de En...
2025-08-13 18:23:36.595 | INFO     | __main__:procesar_documento:233 - Procesado: wo88556 - 6 chunks
2025-08-13 18:23:36.641 | SUCCESS  | __main__:generar_embeddings_y_subir:330 - Subido a Pinecone: wo88648 - 3 chunks
2025-08-13 18:23:38.643 | INFO     | __main__:descargar_documento:158 - Descargado: wo88649 - REGLAMENTO DEL BANCO DE MEXICO RELATIVO A LA LEY F...
2025-08-13 18:23:38.690 | INFO     | __main__:procesar_documento:233 - Procesado: wo88649 - 6 chunks
2025-08-13 18:23:40.188 | SUCCESS  | __main__:generar_embeddings_y_subir:330 - Subido a Pinecone: wo88649 - 6 chunks
2025-08-13 18:23:40.207 | SUCCESS  | __main__:generar_embeddings_y_subir:330 - Subido a Pinecone: wo88556 - 6 chunks
2025-08-13 18:23:41.476 | INFO     | __main__:descargar_documento:158 - Descargado: wo88525 - REGLAMENTO DE LA LEY...
2025-08-13 18:23:41.541 | INFO     | __main__:procesar_documento:233 - Procesado: wo88525 - 6 chunks
2025-08-13 18:23:42.717 | INFO     | __main__:descargar_documento:158 - Descargado: wo88526 - REGLAMENTO DE LA LEY...
2025-08-13 18:23:42.833 | INFO     | __main__:procesar_documento:233 - Procesado: wo88526 - 13 chunks
2025-08-13 18:23:45.926 | SUCCESS  | __main__:generar_embeddings_y_subir:330 - Subido a Pinecone: wo88526 - 13 chunks
2025-08-13 18:23:46.338 | SUCCESS  | __main__:generar_embeddings_y_subir:330 - Subido a Pinecone: wo88525 - 6 chunks
2025-08-13 18:23:46.439 | INFO     | __main__:mostrar_progreso:365 - Progreso: 250 documentos | Descargados: 250 | Procesados: 250 | Subidos: 250 | Errores: 1
2025-08-13 18:23:48.644 | INFO     | __main__:descargar_documento:158 - Descargado: wo88528 - Reglamento de la Ley General de Desarrollo Foresta...
2025-08-13 18:23:48.909 | INFO     | __main__:descargar_documento:158 - Descargado: wo88532 - REGLAMENTO DE LA LEY...
2025-08-13 18:23:48.985 | INFO     | __main__:procesar_documento:233 - Procesado: wo88528 - 27 chunks
2025-08-13 18:23:49.021 | INFO     | __main__:procesar_documento:233 - Procesado: wo88532 - 11 chunks
2025-08-13 18:23:51.693 | SUCCESS  | __main__:generar_embeddings_y_subir:330 - Subido a Pinecone: wo88532 - 11 chunks
2025-08-13 18:23:55.212 | SUCCESS  | __main__:generar_embeddings_y_subir:330 - Subido a Pinecone: wo88528 - 27 chunks
2025-08-13 18:23:57.903 | INFO     | __main__:descargar_documento:158 - Descargado: wo88529 - REGLAMENTO DE LA LEY...
2025-08-13 18:23:57.978 | INFO     | __main__:procesar_documento:233 - Procesado: wo88529 - 9 chunks
2025-08-13 18:23:58.513 | INFO     | __main__:descargar_documento:158 - Descargado: wo88533 - REGLAMENTO DE LA LEY...
2025-08-13 18:23:59.262 | INFO     | __main__:procesar_documento:233 - Procesado: wo88533 - 40 chunks
2025-08-13 18:24:00.607 | SUCCESS  | __main__:generar_embeddings_y_subir:330 - Subido a Pinecone: wo88529 - 9 chunks
2025-08-13 18:24:01.498 | INFO     | __main__:descargar_documento:158 - Descargado: wo88530 - REGLAMENTO DE LA LEY...
2025-08-13 18:24:01.589 | INFO     | __main__:procesar_documento:233 - Procesado: wo88530 - 9 chunks
2025-08-13 18:24:04.627 | SUCCESS  | __main__:generar_embeddings_y_subir:330 - Subido a Pinecone: wo88530 - 9 chunks
2025-08-13 18:24:06.409 | INFO     | __main__:descargar_documento:158 - Descargado: wo88531 - REGLAMENTO DE LA LEY...
2025-08-13 18:24:06.586 | INFO     | __main__:procesar_documento:233 - Procesado: wo88531 - 13 chunks
2025-08-13 18:24:09.459 | SUCCESS  | __main__:generar_embeddings_y_subir:330 - Subido a Pinecone: wo88531 - 13 chunks
2025-08-13 18:24:09.887 | SUCCESS  | __main__:generar_embeddings_y_subir:330 - Subido a Pinecone: wo88533 - 40 chunks
2025-08-13 18:24:10.757 | INFO     | __main__:descargar_documento:158 - Descargado: wo88537 - REGLAMENTO DE LA LEY...
2025-08-13 18:24:10.893 | INFO     | __main__:procesar_documento:233 - Procesado: wo88537 - 20 chunks
2025-08-13 18:24:11.872 | INFO     | __main__:descargar_documento:158 - Descargado: wo88534 - REGLAMENTO DE LA LEY...
2025-08-13 18:24:12.085 | INFO     | __main__:procesar_documento:233 - Procesado: wo88534 - 14 chunks
2025-08-13 18:24:15.456 | SUCCESS  | __main__:generar_embeddings_y_subir:330 - Subido a Pinecone: wo88537 - 20 chunks
2025-08-13 18:24:15.517 | SUCCESS  | __main__:generar_embeddings_y_subir:330 - Subido a Pinecone: wo88534 - 14 chunks
2025-08-13 18:24:17.692 | INFO     | __main__:descargar_documento:158 - Descargado: wo88538 - REGLAMENTO DE LA LEY...
2025-08-13 18:24:18.047 | INFO     | __main__:descargar_documento:158 - Descargado: wo88535 - REGLAMENTO DE LA LEY...
2025-08-13 18:24:18.079 | INFO     | __main__:procesar_documento:233 - Procesado: wo88538 - 13 chunks
2025-08-13 18:24:18.162 | INFO     | __main__:procesar_documento:233 - Procesado: wo88535 - 15 chunks
2025-08-13 18:24:21.421 | SUCCESS  | __main__:generar_embeddings_y_subir:330 - Subido a Pinecone: wo88538 - 13 chunks
2025-08-13 18:24:22.502 | INFO     | __main__:descargar_documento:158 - Descargado: wo88539 - REGLAMENTO DE LA LEY...
2025-08-13 18:24:22.578 | INFO     | __main__:procesar_documento:233 - Procesado: wo88539 - 8 chunks
2025-08-13 18:24:22.986 | SUCCESS  | __main__:generar_embeddings_y_subir:330 - Subido a Pinecone: wo88535 - 15 chunks
2025-08-13 18:24:23.890 | SUCCESS  | __main__:generar_embeddings_y_subir:330 - Subido a Pinecone: wo88539 - 8 chunks
2025-08-13 18:24:24.726 | INFO     | __main__:descargar_documento:158 - Descargado: wo88536 - REGLAMENTO DE LA LEY...
2025-08-13 18:24:24.947 | INFO     | __main__:procesar_documento:233 - Procesado: wo88536 - 25 chunks
2025-08-13 18:24:27.154 | INFO     | __main__:descargar_documento:158 - Descargado: wo88540 - REGLAMENTO DE LA LEY...
2025-08-13 18:24:27.373 | INFO     | __main__:procesar_documento:233 - Procesado: wo88540 - 25 chunks
2025-08-13 18:24:28.279 | SUCCESS  | __main__:generar_embeddings_y_subir:330 - Subido a Pinecone: wo88536 - 25 chunks
2025-08-13 18:24:29.008 | INFO     | __main__:descargar_documento:158 - Descargado: wo88542 - REGLAMENTO DE LA LEY...
2025-08-13 18:24:29.121 | INFO     | __main__:procesar_documento:233 - Procesado: wo88542 - 10 chunks
2025-08-13 18:24:30.986 | SUCCESS  | __main__:generar_embeddings_y_subir:330 - Subido a Pinecone: wo88542 - 10 chunks
2025-08-13 18:24:31.445 | SUCCESS  | __main__:generar_embeddings_y_subir:330 - Subido a Pinecone: wo88540 - 25 chunks
2025-08-13 18:24:33.986 | INFO     | __main__:descargar_documento:158 - Descargado: wo88543 - REGLAMENTO DE LA LEY...
2025-08-13 18:24:34.117 | INFO     | __main__:procesar_documento:233 - Procesado: wo88543 - 14 chunks
2025-08-13 18:24:35.253 | INFO     | __main__:descargar_documento:158 - Descargado: wo88541 - REGLAMENTO DE LA LEY...
2025-08-13 18:24:35.567 | INFO     | __main__:procesar_documento:233 - Procesado: wo88541 - 24 chunks
2025-08-13 18:24:36.862 | SUCCESS  | __main__:generar_embeddings_y_subir:330 - Subido a Pinecone: wo88543 - 14 chunks
2025-08-13 18:24:38.513 | INFO     | __main__:descargar_documento:158 - Descargado: wo88544 - REGLAMENTO DE LA LEY...
2025-08-13 18:24:38.619 | INFO     | __main__:procesar_documento:233 - Procesado: wo88544 - 11 chunks
2025-08-13 18:24:40.645 | SUCCESS  | __main__:generar_embeddings_y_subir:330 - Subido a Pinecone: wo88541 - 24 chunks
2025-08-13 18:24:40.645 | SUCCESS  | __main__:generar_embeddings_y_subir:330 - Subido a Pinecone: wo88544 - 11 chunks
2025-08-13 18:24:41.631 | INFO     | __main__:descargar_documento:158 - Descargado: wo88545 - REGLAMENTO DE LA LEY...
2025-08-13 18:24:41.731 | INFO     | __main__:procesar_documento:233 - Procesado: wo88545 - 11 chunks
2025-08-13 18:24:41.731 | INFO     | __main__:descargar_documento:158 - Descargado: wo88547 - REGLAMENTO DE LA LEY...
2025-08-13 18:24:41.825 | INFO     | __main__:procesar_documento:233 - Procesado: wo88547 - 12 chunks
2025-08-13 18:24:44.471 | SUCCESS  | __main__:generar_embeddings_y_subir:330 - Subido a Pinecone: wo88545 - 11 chunks
2025-08-13 18:24:44.815 | INFO     | __main__:descargar_documento:158 - Descargado: wo88546 - REGLAMENTO DE LA LEY...
2025-08-13 18:24:44.860 | INFO     | __main__:procesar_documento:233 - Procesado: wo88546 - 6 chunks
2025-08-13 18:24:46.191 | SUCCESS  | __main__:generar_embeddings_y_subir:330 - Subido a Pinecone: wo88547 - 12 chunks
2025-08-13 18:24:46.256 | SUCCESS  | __main__:generar_embeddings_y_subir:330 - Subido a Pinecone: wo88546 - 6 chunks
2025-08-13 18:24:47.005 | INFO     | __main__:descargar_documento:158 - Descargado: wo88548 - REGLAMENTO DE LA LEY...
2025-08-13 18:24:47.076 | INFO     | __main__:procesar_documento:233 - Procesado: wo88548 - 13 chunks
2025-08-13 18:24:49.661 | SUCCESS  | __main__:generar_embeddings_y_subir:330 - Subido a Pinecone: wo88548 - 13 chunks
2025-08-13 18:24:56.042 | INFO     | __main__:descargar_documento:158 - Descargado: wo88549 - REGLAMENTO DE LA LEY...
2025-08-13 18:24:56.328 | INFO     | __main__:procesar_documento:233 - Procesado: wo88549 - 30 chunks
2025-08-13 18:25:03.881 | INFO     | __main__:descargar_documento:158 - Descargado: wo88917 - Ley del Impuesto sobre la Renta...
2025-08-13 18:25:04.565 | INFO     | __main__:procesar_documento:233 - Procesado: wo88917 - 151 chunks
2025-08-13 18:25:07.756 | SUCCESS  | __main__:generar_embeddings_y_subir:330 - Subido a Pinecone: wo88549 - 30 chunks
2025-08-13 18:25:09.512 | INFO     | __main__:descargar_documento:158 - Descargado: wo88710 - Directivo de Pronósticos para la Asistencia Públic...
2025-08-13 18:25:09.756 | INFO     | __main__:procesar_documento:233 - Procesado: wo88710 - 4 chunks
2025-08-13 18:25:10.950 | SUCCESS  | __main__:generar_embeddings_y_subir:330 - Subido a Pinecone: wo88710 - 4 chunks
2025-08-13 18:25:11.294 | INFO     | __main__:descargar_documento:158 - Descargado: wo88882 - El Consejo Consultivo de Desarrollo Social, con fu...
2025-08-13 18:25:11.330 | INFO     | __main__:procesar_documento:233 - Procesado: wo88882 - 3 chunks
2025-08-13 18:25:12.007 | SUCCESS  | __main__:generar_embeddings_y_subir:330 - Subido a Pinecone: wo88882 - 3 chunks
2025-08-13 18:25:12.109 | INFO     | __main__:mostrar_progreso:365 - Progreso: 274 documentos | Descargados: 275 | Procesados: 275 | Subidos: 274 | Errores: 1
2025-08-13 18:25:12.323 | INFO     | __main__:descargar_documento:158 - Descargado: wo93113 - Reglamento de la Ley de Firma Electrónica Avanzada...
2025-08-13 18:25:12.350 | INFO     | __main__:procesar_documento:233 - Procesado: wo93113 - 4 chunks
2025-08-13 18:25:13.186 | SUCCESS  | __main__:generar_embeddings_y_subir:330 - Subido a Pinecone: wo93113 - 4 chunks
2025-08-13 18:25:13.553 | INFO     | __main__:descargar_documento:158 - Descargado: wo93264 - REGLAMENTO DE LA LEY PARA...
2025-08-13 18:25:13.585 | INFO     | __main__:procesar_documento:233 - Procesado: wo93264 - 4 chunks
2025-08-13 18:25:14.426 | SUCCESS  | __main__:generar_embeddings_y_subir:330 - Subido a Pinecone: wo93264 - 4 chunks
2025-08-13 18:25:15.593 | INFO     | __main__:descargar_documento:158 - Descargado: wo93313 - REGLAMENTO DE LA LEY...
2025-08-13 18:25:15.695 | INFO     | __main__:procesar_documento:233 - Procesado: wo93313 - 12 chunks
2025-08-13 18:25:18.519 | SUCCESS  | __main__:generar_embeddings_y_subir:330 - Subido a Pinecone: wo93313 - 12 chunks
2025-08-13 18:25:19.174 | INFO     | __main__:descargar_documento:158 - Descargado: wo95017 - REGLAMENTO DE LA LEY...
2025-08-13 18:25:19.264 | INFO     | __main__:procesar_documento:233 - Procesado: wo95017 - 10 chunks
2025-08-13 18:25:22.223 | SUCCESS  | __main__:generar_embeddings_y_subir:330 - Subido a Pinecone: wo95017 - 10 chunks
2025-08-13 18:25:23.555 | INFO     | __main__:descargar_documento:158 - Descargado: wo95018 - REGLAMENTO DE LA LEY...
2025-08-13 18:25:23.716 | INFO     | __main__:procesar_documento:233 - Procesado: wo95018 - 15 chunks
2025-08-13 18:25:28.970 | SUCCESS  | __main__:generar_embeddings_y_subir:330 - Subido a Pinecone: wo95018 - 15 chunks
2025-08-13 18:25:35.302 | INFO     | __main__:descargar_documento:158 - Descargado: wo95384 - LEY GENERAL DE PARTIDOS...
2025-08-13 18:25:35.689 | INFO     | __main__:procesar_documento:233 - Procesado: wo95384 - 45 chunks
2025-08-13 18:25:36.436 | SUCCESS  | __main__:generar_embeddings_y_subir:330 - Subido a Pinecone: wo88917 - 151 chunks
2025-08-13 18:25:39.498 | INFO     | __main__:descargar_documento:158 - Descargado: wo89834 - LEY PARA REGULAR LAS...
2025-08-13 18:25:39.837 | INFO     | __main__:procesar_documento:233 - Procesado: wo89834 - 53 chunks
2025-08-13 18:25:41.712 | SUCCESS  | __main__:generar_embeddings_y_subir:330 - Subido a Pinecone: wo95384 - 45 chunks
2025-08-13 18:25:42.265 | INFO     | __main__:descargar_documento:158 - Descargado: wo95385 - LEY GENERAL EN MATERIA DE...
2025-08-13 18:25:42.379 | INFO     | __main__:procesar_documento:233 - Procesado: wo95385 - 11 chunks
2025-08-13 18:25:44.338 | SUCCESS  | __main__:generar_embeddings_y_subir:330 - Subido a Pinecone: wo95385 - 11 chunks
2025-08-13 18:25:46.340 | INFO     | __main__:descargar_documento:158 - Descargado: wo95393 - REGLAMENTO DE LA LEY...
2025-08-13 18:25:46.635 | INFO     | __main__:procesar_documento:233 - Procesado: wo95393 - 25 chunks
2025-08-13 18:25:50.505 | SUCCESS  | __main__:generar_embeddings_y_subir:330 - Subido a Pinecone: wo95393 - 25 chunks
2025-08-13 18:25:51.825 | SUCCESS  | __main__:generar_embeddings_y_subir:330 - Subido a Pinecone: wo89834 - 53 chunks
2025-08-13 18:25:54.548 | INFO     | __main__:descargar_documento:158 - Descargado: wo90163 - LEY DE VERTIMIENTOS EN LAS...
2025-08-13 18:25:54.662 | INFO     | __main__:procesar_documento:233 - Procesado: wo90163 - 11 chunks
2025-08-13 18:25:55.883 | INFO     | __main__:descargar_documento:158 - Descargado: wo95395 - LEY FEDERAL DE COMPETENCIA...
2025-08-13 18:25:56.398 | INFO     | __main__:procesar_documento:233 - Procesado: wo95395 - 36 chunks
2025-08-13 18:25:56.998 | SUCCESS  | __main__:generar_embeddings_y_subir:330 - Subido a Pinecone: wo90163 - 11 chunks
2025-08-13 18:26:00.026 | INFO     | __main__:descargar_documento:158 - Descargado: wo91198 - LEY GENERAL DE PESCA Y...
2025-08-13 18:26:00.289 | INFO     | __main__:procesar_documento:233 - Procesado: wo91198 - 34 chunks
2025-08-13 18:26:07.772 | SUCCESS  | __main__:generar_embeddings_y_subir:330 - Subido a Pinecone: wo95395 - 36 chunks
2025-08-13 18:26:08.748 | INFO     | __main__:descargar_documento:158 - Descargado: wo96103 - LEY DE PROMOCIÓN Y...
2025-08-13 18:26:08.801 | INFO     | __main__:procesar_documento:233 - Procesado: wo96103 - 6 chunks
2025-08-13 18:26:11.074 | SUCCESS  | __main__:generar_embeddings_y_subir:330 - Subido a Pinecone: wo91198 - 34 chunks
2025-08-13 18:26:11.666 | INFO     | __main__:descargar_documento:158 - Descargado: wo92766 - LEY FEDERAL DE CONSULTA...
2025-08-13 18:26:11.758 | INFO     | __main__:procesar_documento:233 - Procesado: wo92766 - 10 chunks
2025-08-13 18:26:14.026 | SUCCESS  | __main__:generar_embeddings_y_subir:330 - Subido a Pinecone: wo96103 - 6 chunks
2025-08-13 18:26:14.101 | SUCCESS  | __main__:generar_embeddings_y_subir:330 - Subido a Pinecone: wo92766 - 10 chunks
2025-08-13 18:26:16.634 | INFO     | __main__:descargar_documento:158 - Descargado: wo96856 - LEY ORGÁNICA DEL BANCO...
2025-08-13 18:26:16.735 | INFO     | __main__:procesar_documento:233 - Procesado: wo96856 - 13 chunks
2025-08-13 18:26:18.008 | INFO     | __main__:descargar_documento:158 - Descargado: wo96160 - Ley del Instituto del Fondo Nacional de la Viviend...
2025-08-13 18:26:18.241 | INFO     | __main__:procesar_documento:233 - Procesado: wo96160 - 39 chunks
2025-08-13 18:26:19.560 | SUCCESS  | __main__:generar_embeddings_y_subir:330 - Subido a Pinecone: wo96856 - 13 chunks
2025-08-13 18:26:21.298 | INFO     | __main__:descargar_documento:158 - Descargado: wo97328 - LEY DEL SISTEMA PÚBLICO DE...
2025-08-13 18:26:21.416 | INFO     | __main__:procesar_documento:233 - Procesado: wo97328 - 18 chunks
2025-08-13 18:26:25.436 | SUCCESS  | __main__:generar_embeddings_y_subir:330 - Subido a Pinecone: wo96160 - 39 chunks
2025-08-13 18:26:26.481 | SUCCESS  | __main__:generar_embeddings_y_subir:330 - Subido a Pinecone: wo97328 - 18 chunks
2025-08-13 18:26:30.065 | INFO     | __main__:descargar_documento:158 - Descargado: wo96842 - LEY DE PETRÓLEOS MEXICANOS...
2025-08-13 18:26:30.234 | INFO     | __main__:procesar_documento:233 - Procesado: wo96842 - 27 chunks
2025-08-13 18:26:35.573 | INFO     | __main__:descargar_documento:158 - Descargado: wo97329 - DECRETO por el que se reforman, adicionan y deroga...
2025-08-13 18:26:36.288 | INFO     | __main__:procesar_documento:233 - Procesado: wo97329 - 87 chunks
2025-08-13 18:26:37.721 | SUCCESS  | __main__:generar_embeddings_y_subir:330 - Subido a Pinecone: wo96842 - 27 chunks
2025-08-13 18:26:38.129 | INFO     | __main__:descargar_documento:158 - Descargado: wo96843 - Ley Federal de Extinción de Dominio, Reglamentaria...
2025-08-13 18:26:38.498 | INFO     | __main__:procesar_documento:233 - Procesado: wo96843 - 11 chunks
2025-08-13 18:26:41.084 | SUCCESS  | __main__:generar_embeddings_y_subir:330 - Subido a Pinecone: wo96843 - 11 chunks
2025-08-13 18:26:41.302 | INFO     | __main__:descargar_documento:158 - Descargado: wo96854 - LEY GENERAL DE LA INFRAESTRUCTURA FÍSICA...
2025-08-13 18:26:41.338 | INFO     | __main__:procesar_documento:233 - Procesado: wo96854 - 7 chunks
2025-08-13 18:26:42.770 | SUCCESS  | __main__:generar_embeddings_y_subir:330 - Subido a Pinecone: wo96854 - 7 chunks
2025-08-13 18:26:46.325 | INFO     | __main__:descargar_documento:158 - Descargado: wo96855 - Ley General del Sistema Nacional de Seguridad Públ...
2025-08-13 18:26:46.744 | INFO     | __main__:procesar_documento:233 - Procesado: wo96855 - 37 chunks
2025-08-13 18:26:53.137 | SUCCESS  | __main__:generar_embeddings_y_subir:330 - Subido a Pinecone: wo97329 - 87 chunks
2025-08-13 18:26:54.073 | INFO     | __main__:descargar_documento:158 - Descargado: wo98006 - LEY DE INGRESOS SOBRE...
2025-08-13 18:26:54.110 | SUCCESS  | __main__:generar_embeddings_y_subir:330 - Subido a Pinecone: wo96855 - 37 chunks
2025-08-13 18:26:54.231 | INFO     | __main__:procesar_documento:233 - Procesado: wo98006 - 21 chunks
2025-08-13 18:26:55.182 | INFO     | __main__:descargar_documento:158 - Descargado: wo98009 - Ley de la Industria Eléctrica...
2025-08-13 18:26:55.444 | INFO     | __main__:procesar_documento:233 - Procesado: wo98009 - 43 chunks
2025-08-13 18:26:59.340 | SUCCESS  | __main__:generar_embeddings_y_subir:330 - Subido a Pinecone: wo98006 - 21 chunks
2025-08-13 18:26:59.828 | INFO     | __main__:descargar_documento:158 - Descargado: wo98007 - LEY DEL FONDO MEXICANO DEL...
2025-08-13 18:26:59.911 | INFO     | __main__:procesar_documento:233 - Procesado: wo98007 - 11 chunks
2025-08-13 18:27:02.213 | SUCCESS  | __main__:generar_embeddings_y_subir:330 - Subido a Pinecone: wo98009 - 43 chunks
2025-08-13 18:27:02.373 | SUCCESS  | __main__:generar_embeddings_y_subir:330 - Subido a Pinecone: wo98007 - 11 chunks
2025-08-13 18:27:02.475 | INFO     | __main__:mostrar_progreso:365 - Progreso: 300 documentos | Descargados: 300 | Procesados: 300 | Subidos: 300 | Errores: 1
2025-08-13 18:27:02.671 | INFO     | __main__:descargar_documento:158 - Descargado: wo98010 - LEY DE ENERGÍA GEOTÉRMICA...
2025-08-13 18:27:02.763 | INFO     | __main__:procesar_documento:233 - Procesado: wo98010 - 11 chunks
2025-08-13 18:27:02.763 | INFO     | __main__:descargar_documento:158 - Descargado: wo98969 - REGLAMENTO DE LA LEY...
2025-08-13 18:27:02.799 | INFO     | __main__:procesar_documento:233 - Procesado: wo98969 - 5 chunks
2025-08-13 18:27:04.237 | SUCCESS  | __main__:generar_embeddings_y_subir:330 - Subido a Pinecone: wo98969 - 5 chunks
2025-08-13 18:27:04.600 | SUCCESS  | __main__:generar_embeddings_y_subir:330 - Subido a Pinecone: wo98010 - 11 chunks
2025-08-13 18:27:04.780 | INFO     | __main__:descargar_documento:158 - Descargado: wo99644 - REGLAMENTO DE LA LEY...
2025-08-13 18:27:04.890 | INFO     | __main__:procesar_documento:233 - Procesado: wo99644 - 8 chunks
2025-08-13 18:27:04.991 | INFO     | __main__:descargar_documento:158 - Descargado: wo98020 - LEY DE LOS ÓRGANOS...
2025-08-13 18:27:05.111 | INFO     | __main__:procesar_documento:233 - Procesado: wo98020 - 11 chunks
2025-08-13 18:27:06.546 | SUCCESS  | __main__:generar_embeddings_y_subir:330 - Subido a Pinecone: wo99644 - 8 chunks
2025-08-13 18:27:06.825 | INFO     | __main__:descargar_documento:158 - Descargado: wo99689 - REGLAMENTO DE LA LEY DE...
2025-08-13 18:27:06.863 | INFO     | __main__:procesar_documento:233 - Procesado: wo99689 - 5 chunks
2025-08-13 18:27:07.525 | SUCCESS  | __main__:generar_embeddings_y_subir:330 - Subido a Pinecone: wo98020 - 11 chunks
2025-08-13 18:27:07.901 | SUCCESS  | __main__:generar_embeddings_y_subir:330 - Subido a Pinecone: wo99689 - 5 chunks
2025-08-13 18:27:10.108 | INFO     | __main__:descargar_documento:158 - Descargado: wo99692 - REGLAMENTO DE LA LEY DE LA...
2025-08-13 18:27:10.268 | INFO     | __main__:procesar_documento:233 - Procesado: wo99692 - 22 chunks
2025-08-13 18:27:10.296 | INFO     | __main__:descargar_documento:158 - Descargado: wo98026 - LEY DE LA COMISIÓN FEDERAL...
2025-08-13 18:27:10.569 | INFO     | __main__:procesar_documento:233 - Procesado: wo98026 - 28 chunks
2025-08-13 18:27:15.663 | SUCCESS  | __main__:generar_embeddings_y_subir:330 - Subido a Pinecone: wo99692 - 22 chunks
2025-08-13 18:27:17.014 | INFO     | __main__:descargar_documento:158 - Descargado: wo99697 - REGLAMENTO DE LA LEY DE...
2025-08-13 18:27:17.096 | INFO     | __main__:procesar_documento:233 - Procesado: wo99697 - 10 chunks
2025-08-13 18:27:17.530 | SUCCESS  | __main__:generar_embeddings_y_subir:330 - Subido a Pinecone: wo98026 - 28 chunks
2025-08-13 18:27:18.794 | SUCCESS  | __main__:generar_embeddings_y_subir:330 - Subido a Pinecone: wo99697 - 10 chunks
2025-08-13 18:27:21.183 | INFO     | __main__:descargar_documento:158 - Descargado: wo99699 - Reglamento de la Ley de Hidrocarburos...
2025-08-13 18:27:21.272 | INFO     | __main__:procesar_documento:233 - Procesado: wo99699 - 16 chunks
2025-08-13 18:27:22.292 | INFO     | __main__:descargar_documento:158 - Descargado: wo98027 - LEY DE HIDROCARBUROS...
2025-08-13 18:27:22.903 | INFO     | __main__:procesar_documento:233 - Procesado: wo98027 - 48 chunks
2025-08-13 18:27:24.585 | SUCCESS  | __main__:generar_embeddings_y_subir:330 - Subido a Pinecone: wo99699 - 16 chunks
2025-08-13 18:27:25.553 | INFO     | __main__:descargar_documento:158 - Descargado: wo99937 - REGLAMENTO DE LA LEY...
2025-08-13 18:27:25.674 | INFO     | __main__:procesar_documento:233 - Procesado: wo99937 - 14 chunks
2025-08-13 18:27:30.136 | SUCCESS  | __main__:generar_embeddings_y_subir:330 - Subido a Pinecone: wo99937 - 14 chunks
2025-08-13 18:27:33.659 | SUCCESS  | __main__:generar_embeddings_y_subir:330 - Subido a Pinecone: wo98027 - 48 chunks
2025-08-13 18:27:34.355 | INFO     | __main__:descargar_documento:158 - Descargado: wo99957 - LEY GENERAL DE LOS...
2025-08-13 18:27:34.531 | INFO     | __main__:descargar_documento:158 - Descargado: wo17167 - LEY REGLAMENTARIA DE LA...
2025-08-13 18:27:34.639 | INFO     | __main__:procesar_documento:233 - Procesado: wo17167 - 2 chunks
2025-08-13 18:27:34.647 | INFO     | __main__:procesar_documento:233 - Procesado: wo99957 - 43 chunks
2025-08-13 18:27:35.258 | SUCCESS  | __main__:generar_embeddings_y_subir:330 - Subido a Pinecone: wo17167 - 2 chunks
2025-08-13 18:27:35.762 | INFO     | __main__:descargar_documento:158 - Descargado: wo17169 - LEY REGLAMENTARIA DE LA...
2025-08-13 18:27:35.835 | INFO     | __main__:procesar_documento:233 - Procesado: wo17169 - 8 chunks
2025-08-13 18:27:37.448 | SUCCESS  | __main__:generar_embeddings_y_subir:330 - Subido a Pinecone: wo17169 - 8 chunks
2025-08-13 18:27:37.657 | INFO     | __main__:descargar_documento:158 - Descargado: wo17170 - LEY REGLAMENTARIA DE LA...
2025-08-13 18:27:37.668 | INFO     | __main__:procesar_documento:233 - Procesado: wo17170 - 1 chunks
2025-08-13 18:27:38.013 | SUCCESS  | __main__:generar_embeddings_y_subir:330 - Subido a Pinecone: wo17170 - 1 chunks
2025-08-13 18:27:39.563 | INFO     | __main__:descargar_documento:158 - Descargado: wo17173 - LEY REGLAMENTARIA DEL...
2025-08-13 18:27:39.630 | INFO     | __main__:procesar_documento:233 - Procesado: wo17173 - 10 chunks
2025-08-13 18:27:41.918 | SUCCESS  | __main__:generar_embeddings_y_subir:330 - Subido a Pinecone: wo17173 - 10 chunks
2025-08-13 18:27:43.086 | INFO     | __main__:descargar_documento:158 - Descargado: wo17175 - LEY REGLAMENTARIA DEL...
2025-08-13 18:27:43.215 | INFO     | __main__:procesar_documento:233 - Procesado: wo17175 - 16 chunks
2025-08-13 18:27:46.927 | SUCCESS  | __main__:generar_embeddings_y_subir:330 - Subido a Pinecone: wo99957 - 43 chunks
2025-08-13 18:27:47.058 | ERROR    | __main__:descargar_documento:171 - Error descargando wo16344: ('Connection aborted.', RemoteDisconnected('Remote end closed connection without response'))
2025-08-13 18:27:47.761 | SUCCESS  | __main__:generar_embeddings_y_subir:330 - Subido a Pinecone: wo17175 - 16 chunks
2025-08-13 18:27:48.316 | INFO     | __main__:descargar_documento:158 - Descargado: wo88289 - REGLAMENTO DE AGENCIAS...
2025-08-13 18:27:48.337 | INFO     | __main__:procesar_documento:233 - Procesado: wo88289 - 5 chunks
2025-08-13 18:27:48.439 | INFO     | __main__:descargar_documento:158 - Descargado: wo16816 - LEY REGLAMENTARIA DE LA...
2025-08-13 18:27:48.477 | INFO     | __main__:procesar_documento:233 - Procesado: wo16816 - 3 chunks
2025-08-13 18:27:49.491 | SUCCESS  | __main__:generar_embeddings_y_subir:330 - Subido a Pinecone: wo88289 - 5 chunks
2025-08-13 18:27:49.869 | INFO     | __main__:descargar_documento:158 - Descargado: wo88290 - REGLAMENTO DE AGENTES DE LAS...
2025-08-13 18:27:49.896 | INFO     | __main__:procesar_documento:233 - Procesado: wo88290 - 5 chunks
2025-08-13 18:27:50.298 | SUCCESS  | __main__:generar_embeddings_y_subir:330 - Subido a Pinecone: wo16816 - 3 chunks
2025-08-13 18:27:50.966 | SUCCESS  | __main__:generar_embeddings_y_subir:330 - Subido a Pinecone: wo88290 - 5 chunks
2025-08-13 18:27:52.650 | INFO     | __main__:descargar_documento:158 - Descargado: wo88291 - REGLAMENTO DE AGENTES DE PRONÓSTICOS...
2025-08-13 18:27:52.685 | INFO     | __main__:procesar_documento:233 - Procesado: wo88291 - 6 chunks
2025-08-13 18:27:53.200 | INFO     | __main__:descargar_documento:158 - Descargado: wo88294 - REGLAMENTO DE AUTOTRANSPORTE FEDERAL Y SERVICIOS A...
2025-08-13 18:27:53.364 | INFO     | __main__:procesar_documento:233 - Procesado: wo88294 - 13 chunks
2025-08-13 18:27:53.898 | SUCCESS  | __main__:generar_embeddings_y_subir:330 - Subido a Pinecone: wo88291 - 6 chunks
2025-08-13 18:27:54.358 | INFO     | __main__:descargar_documento:158 - Descargado: wo88292 - REGLAMENTO DE AGENTES DE SEGUROS Y DE FIANZAS...
2025-08-13 18:27:54.428 | INFO     | __main__:procesar_documento:233 - Procesado: wo88292 - 9 chunks
2025-08-13 18:27:55.429 | SUCCESS  | __main__:generar_embeddings_y_subir:330 - Subido a Pinecone: wo88294 - 13 chunks
2025-08-13 18:27:55.755 | INFO     | __main__:descargar_documento:158 - Descargado: wo88295 - REGLAMENTO DE BECAS DEL CONSEJO NACIONAL DE...
2025-08-13 18:27:55.794 | INFO     | __main__:procesar_documento:233 - Procesado: wo88295 - 8 chunks
2025-08-13 18:27:55.851 | SUCCESS  | __main__:generar_embeddings_y_subir:330 - Subido a Pinecone: wo88292 - 9 chunks
2025-08-13 18:27:56.237 | INFO     | __main__:descargar_documento:158 - Descargado: wo88293 - REGLAMENTO DE ASOCIACIONES DE PADRES...
2025-08-13 18:27:56.297 | INFO     | __main__:procesar_documento:233 - Procesado: wo88293 - 6 chunks
2025-08-13 18:27:57.477 | SUCCESS  | __main__:generar_embeddings_y_subir:330 - Subido a Pinecone: wo88295 - 8 chunks
2025-08-13 18:27:57.721 | SUCCESS  | __main__:generar_embeddings_y_subir:330 - Subido a Pinecone: wo88293 - 6 chunks
2025-08-13 18:27:57.823 | INFO     | __main__:mostrar_progreso:365 - Progreso: 325 documentos | Descargados: 325 | Procesados: 325 | Subidos: 325 | Errores: 2
2025-08-13 18:28:00.119 | INFO     | __main__:descargar_documento:158 - Descargado: wo88296 - REGLAMENTO DEL CUERPO ESPECIAL DE BANDAS DE MUSICA...
2025-08-13 18:28:00.238 | INFO     | __main__:procesar_documento:233 - Procesado: wo88296 - 14 chunks
2025-08-13 18:28:01.431 | INFO     | __main__:descargar_documento:158 - Descargado: wo88304 - REGLAMENTO DE ESCALAFON DE LA SECRETARIA DE GOBERN...
2025-08-13 18:28:01.541 | INFO     | __main__:procesar_documento:233 - Procesado: wo88304 - 6 chunks
2025-08-13 18:28:03.454 | SUCCESS  | __main__:generar_embeddings_y_subir:330 - Subido a Pinecone: wo88296 - 14 chunks
2025-08-13 18:28:03.934 | SUCCESS  | __main__:generar_embeddings_y_subir:330 - Subido a Pinecone: wo88304 - 6 chunks
2025-08-13 18:28:03.949 | INFO     | __main__:descargar_documento:158 - Descargado: wo88299 - REGLAMENTO DE COMUNICACION VIA SATELITE...
2025-08-13 18:28:04.024 | INFO     | __main__:procesar_documento:233 - Procesado: wo88299 - 8 chunks
2025-08-13 18:28:04.470 | INFO     | __main__:descargar_documento:158 - Descargado: wo88305 - REGLAMENTO de Escalafón de la Suprema Corte de Jus...
2025-08-13 18:28:04.509 | INFO     | __main__:procesar_documento:233 - Procesado: wo88305 - 7 chunks
2025-08-13 18:28:05.921 | SUCCESS  | __main__:generar_embeddings_y_subir:330 - Subido a Pinecone: wo88305 - 7 chunks
2025-08-13 18:28:06.231 | SUCCESS  | __main__:generar_embeddings_y_subir:330 - Subido a Pinecone: wo88299 - 8 chunks
2025-08-13 18:28:07.080 | INFO     | __main__:descargar_documento:158 - Descargado: wo88306 - REGLAMENTO DE ESCALAFÓN DE LOS...
2025-08-13 18:28:07.119 | INFO     | __main__:procesar_documento:233 - Procesado: wo88306 - 6 chunks
2025-08-13 18:28:08.676 | SUCCESS  | __main__:generar_embeddings_y_subir:330 - Subido a Pinecone: wo88306 - 6 chunks
2025-08-13 18:28:10.084 | INFO     | __main__:descargar_documento:158 - Descargado: wo88309 - REGLAMENTO DE FUNCIONAMIENTO DE LOS...
2025-08-13 18:28:10.116 | INFO     | __main__:procesar_documento:233 - Procesado: wo88309 - 4 chunks
2025-08-13 18:28:10.647 | INFO     | __main__:descargar_documento:158 - Descargado: wo88301 - REGLAMENTO DE CONTROL SANITARIO DE...
2025-08-13 18:28:10.859 | SUCCESS  | __main__:generar_embeddings_y_subir:330 - Subido a Pinecone: wo88309 - 4 chunks
2025-08-13 18:28:11.234 | INFO     | __main__:descargar_documento:158 - Descargado: wo88312 - REGLAMENTO DE GOBIERNO PARA LA ISLA GUADALUPE...
2025-08-13 18:28:11.250 | INFO     | __main__:procesar_documento:233 - Procesado: wo88312 - 1 chunks
2025-08-13 18:28:11.253 | INFO     | __main__:procesar_documento:233 - Procesado: wo88301 - 54 chunks
2025-08-13 18:28:11.511 | SUCCESS  | __main__:generar_embeddings_y_subir:330 - Subido a Pinecone: wo88312 - 1 chunks
2025-08-13 18:28:13.388 | INFO     | __main__:descargar_documento:158 - Descargado: wo88313 - REGLAMENTO DE GUÍAS DE TURISTAS...
2025-08-13 18:28:13.425 | INFO     | __main__:procesar_documento:233 - Procesado: wo88313 - 5 chunks
2025-08-13 18:28:14.499 | SUCCESS  | __main__:generar_embeddings_y_subir:330 - Subido a Pinecone: wo88313 - 5 chunks
2025-08-13 18:28:15.919 | INFO     | __main__:descargar_documento:158 - Descargado: wo88314 - Reglamento de Honores, Banderas y Luces de la Arma...
2025-08-13 18:28:16.204 | INFO     | __main__:procesar_documento:233 - Procesado: wo88314 - 12 chunks
2025-08-13 18:28:18.385 | SUCCESS  | __main__:generar_embeddings_y_subir:330 - Subido a Pinecone: wo88314 - 12 chunks
2025-08-13 18:28:20.297 | INFO     | __main__:descargar_documento:158 - Descargado: wo88318 - REGLAMENTO DE INSUMOS PARA LA SALUD...
2025-08-13 18:28:20.473 | INFO     | __main__:procesar_documento:233 - Procesado: wo88318 - 30 chunks
2025-08-13 18:28:21.671 | SUCCESS  | __main__:generar_embeddings_y_subir:330 - Subido a Pinecone: wo88301 - 54 chunks
2025-08-13 18:28:22.050 | INFO     | __main__:descargar_documento:158 - Descargado: wo88328 - REGLAMENTO DE LA COMISIÓN CONSULTIVA DE TARIFAS...
2025-08-13 18:28:22.065 | INFO     | __main__:procesar_documento:233 - Procesado: wo88328 - 2 chunks
2025-08-13 18:28:22.613 | SUCCESS  | __main__:generar_embeddings_y_subir:330 - Subido a Pinecone: wo88328 - 2 chunks
2025-08-13 18:28:22.907 | INFO     | __main__:descargar_documento:158 - Descargado: wo88331 - REGLAMENTO DE LA...
2025-08-13 18:28:22.921 | INFO     | __main__:procesar_documento:233 - Procesado: wo88331 - 3 chunks
2025-08-13 18:28:23.707 | SUCCESS  | __main__:generar_embeddings_y_subir:330 - Subido a Pinecone: wo88331 - 3 chunks
2025-08-13 18:28:24.459 | INFO     | __main__:descargar_documento:158 - Descargado: wo88332 - REGLAMENTO de la Comisión Federal para la Protecci...
2025-08-13 18:28:24.505 | INFO     | __main__:procesar_documento:233 - Procesado: wo88332 - 11 chunks
2025-08-13 18:28:26.684 | SUCCESS  | __main__:generar_embeddings_y_subir:330 - Subido a Pinecone: wo88318 - 30 chunks
2025-08-13 18:28:27.045 | INFO     | __main__:descargar_documento:158 - Descargado: wo88321 - REGLAMENTO DE JUEGO DE PELOTA (FRONTON) SIN APUEST...
2025-08-13 18:28:27.069 | INFO     | __main__:procesar_documento:233 - Procesado: wo88321 - 3 chunks
2025-08-13 18:28:27.601 | SUCCESS  | __main__:generar_embeddings_y_subir:330 - Subido a Pinecone: wo88332 - 11 chunks
2025-08-13 18:28:27.789 | SUCCESS  | __main__:generar_embeddings_y_subir:330 - Subido a Pinecone: wo88321 - 3 chunks
2025-08-13 18:28:27.816 | INFO     | __main__:descargar_documento:158 - Descargado: wo88333 - REGLAMENTO de la Comisión Intersecretarial de Bios...
2025-08-13 18:28:27.843 | INFO     | __main__:procesar_documento:233 - Procesado: wo88333 - 4 chunks
2025-08-13 18:28:29.321 | SUCCESS  | __main__:generar_embeddings_y_subir:330 - Subido a Pinecone: wo88333 - 4 chunks
2025-08-13 18:28:29.904 | INFO     | __main__:descargar_documento:158 - Descargado: wo88334 - REGLAMENT...
2025-08-13 18:28:29.915 | INFO     | __main__:procesar_documento:233 - Procesado: wo88334 - 2 chunks
2025-08-13 18:28:30.495 | SUCCESS  | __main__:generar_embeddings_y_subir:330 - Subido a Pinecone: wo88334 - 2 chunks
2025-08-13 18:28:30.755 | INFO     | __main__:descargar_documento:158 - Descargado: wo88335 - REGLAMENTO DE LA COORDINACION GENERAL DE COMPILACI...
2025-08-13 18:28:30.789 | INFO     | __main__:procesar_documento:233 - Procesado: wo88335 - 3 chunks
2025-08-13 18:28:31.568 | SUCCESS  | __main__:generar_embeddings_y_subir:330 - Subido a Pinecone: wo88335 - 3 chunks
2025-08-13 18:28:32.631 | INFO     | __main__:descargar_documento:158 - Descargado: wo88336 - REGLAMENTO DE LA DIRECCION DE ARCHIVO MILITAR...
2025-08-13 18:28:32.716 | INFO     | __main__:procesar_documento:233 - Procesado: wo88336 - 13 chunks
2025-08-13 18:28:32.979 | INFO     | __main__:descargar_documento:158 - Descargado: wo88327 - Reglamento de la Cámara de Diputados...
2025-08-13 18:28:33.574 | INFO     | __main__:procesar_documento:233 - Procesado: wo88327 - 55 chunks
2025-08-13 18:28:36.026 | SUCCESS  | __main__:generar_embeddings_y_subir:330 - Subido a Pinecone: wo88336 - 13 chunks
2025-08-13 18:28:36.402 | INFO     | __main__:descargar_documento:158 - Descargado: wo88340 - REGLAMENTO DE LA ESCUELA DE ENFERMERIA DE LA ARMAD...
2025-08-13 18:28:36.544 | INFO     | __main__:procesar_documento:233 - Procesado: wo88340 - 9 chunks
2025-08-13 18:28:39.003 | SUCCESS  | __main__:generar_embeddings_y_subir:330 - Subido a Pinecone: wo88340 - 9 chunks
2025-08-13 18:28:40.165 | INFO     | __main__:descargar_documento:158 - Descargado: wo88343 - REGLAMENTO DE LA ESCUELA DE INTENDENCIA NAVAL...
2025-08-13 18:28:40.236 | INFO     | __main__:procesar_documento:233 - Procesado: wo88343 - 9 chunks
2025-08-13 18:28:42.077 | SUCCESS  | __main__:generar_embeddings_y_subir:330 - Subido a Pinecone: wo88343 - 9 chunks
2025-08-13 18:28:42.685 | INFO     | __main__:descargar_documento:158 - Descargado: wo88344 - REGLAMENTO DE LA ESCUELA DE MAQUINARIA NAVAL...
2025-08-13 18:28:42.786 | INFO     | __main__:procesar_documento:233 - Procesado: wo88344 - 9 chunks
2025-08-13 18:28:44.509 | SUCCESS  | __main__:generar_embeddings_y_subir:330 - Subido a Pinecone: wo88344 - 9 chunks
2025-08-13 18:28:44.809 | SUCCESS  | __main__:generar_embeddings_y_subir:330 - Subido a Pinecone: wo88327 - 55 chunks
2025-08-13 18:28:44.911 | INFO     | __main__:mostrar_progreso:365 - Progreso: 348 documentos | Descargados: 348 | Procesados: 348 | Subidos: 348 | Errores: 2
2025-08-13 18:28:45.242 | INFO     | __main__:descargar_documento:158 - Descargado: wo88345 - REGLAMENTO DE LA ESCUELA DE MECANICA DE AVIACION N...
2025-08-13 18:28:45.320 | INFO     | __main__:procesar_documento:233 - Procesado: wo88345 - 9 chunks
2025-08-13 18:28:46.900 | INFO     | __main__:descargar_documento:158 - Descargado: wo88355 - REGLAMENTO DE LA ESCUELA MILITAR DE CLASES DE TRAN...
2025-08-13 18:28:46.988 | INFO     | __main__:procesar_documento:233 - Procesado: wo88355 - 7 chunks
2025-08-13 18:28:48.289 | SUCCESS  | __main__:generar_embeddings_y_subir:330 - Subido a Pinecone: wo88355 - 7 chunks
2025-08-13 18:28:48.375 | SUCCESS  | __main__:generar_embeddings_y_subir:330 - Subido a Pinecone: wo88345 - 9 chunks
2025-08-13 18:28:48.880 | INFO     | __main__:descargar_documento:158 - Descargado: wo88356 - REGLAMENTO DE LA ESCUELA MILITAR DE ENFERMERAS...
2025-08-13 18:28:48.985 | INFO     | __main__:descargar_documento:158 - Descargado: wo88347 - REGLAMENTO DE LA ESCUELA MEDICO...
2025-08-13 18:28:49.024 | INFO     | __main__:procesar_documento:233 - Procesado: wo88356 - 9 chunks
2025-08-13 18:28:49.042 | INFO     | __main__:procesar_documento:233 - Procesado: wo88347 - 9 chunks
2025-08-13 18:28:51.369 | SUCCESS  | __main__:generar_embeddings_y_subir:330 - Subido a Pinecone: wo88347 - 9 chunks
2025-08-13 18:28:52.185 | INFO     | __main__:descargar_documento:158 - Descargado: wo88349 - REGLAMENTO DE LA ESCUELA MILITAR DE...
2025-08-13 18:28:52.315 | INFO     | __main__:procesar_documento:233 - Procesado: wo88349 - 7 chunks
2025-08-13 18:28:52.602 | SUCCESS  | __main__:generar_embeddings_y_subir:330 - Subido a Pinecone: wo88356 - 9 chunks
2025-08-13 18:28:53.136 | INFO     | __main__:descargar_documento:158 - Descargado: wo88357 - REGLAMENTO DE LA ESCUELA...
2025-08-13 18:28:53.293 | INFO     | __main__:procesar_documento:233 - Procesado: wo88357 - 11 chunks
2025-08-13 18:28:54.252 | SUCCESS  | __main__:generar_embeddings_y_subir:330 - Subido a Pinecone: wo88349 - 7 chunks
2025-08-13 18:28:55.649 | SUCCESS  | __main__:generar_embeddings_y_subir:330 - Subido a Pinecone: wo88357 - 11 chunks
2025-08-13 18:28:56.140 | INFO     | __main__:descargar_documento:158 - Descargado: wo88351 - REGLAMENTO DE LA ESCUELA MILITAR DE...
2025-08-13 18:28:56.241 | INFO     | __main__:procesar_documento:233 - Procesado: wo88351 - 7 chunks
2025-08-13 18:28:57.564 | INFO     | __main__:descargar_documento:158 - Descargado: wo88358 - REGLAMENTO DE LA ESCUELA MILITAR DE...
2025-08-13 18:28:57.861 | SUCCESS  | __main__:generar_embeddings_y_subir:330 - Subido a Pinecone: wo88351 - 7 chunks
2025-08-13 18:28:57.887 | INFO     | __main__:procesar_documento:233 - Procesado: wo88358 - 10 chunks
2025-08-13 18:28:59.902 | SUCCESS  | __main__:generar_embeddings_y_subir:330 - Subido a Pinecone: wo88358 - 10 chunks
2025-08-13 18:28:59.943 | INFO     | __main__:descargar_documento:158 - Descargado: wo88352 - REGLAMENTO DE LA...
2025-08-13 18:29:00.044 | INFO     | __main__:procesar_documento:233 - Procesado: wo88352 - 7 chunks
2025-08-13 18:29:01.063 | INFO     | __main__:descargar_documento:158 - Descargado: wo88359 - REGLAMENTO DE LA ESCUELA MILITAR DE...
2025-08-13 18:29:01.185 | INFO     | __main__:procesar_documento:233 - Procesado: wo88359 - 8 chunks
2025-08-13 18:29:01.270 | SUCCESS  | __main__:generar_embeddings_y_subir:330 - Subido a Pinecone: wo88352 - 7 chunks
2025-08-13 18:29:01.872 | INFO     | __main__:descargar_documento:158 - Descargado: wo88360 - REGLAMENTO DE LA ESCUELA MILITAR DE...
2025-08-13 18:29:02.028 | INFO     | __main__:procesar_documento:233 - Procesado: wo88360 - 9 chunks
2025-08-13 18:29:03.599 | SUCCESS  | __main__:generar_embeddings_y_subir:330 - Subido a Pinecone: wo88359 - 8 chunks
2025-08-13 18:29:03.989 | INFO     | __main__:descargar_documento:158 - Descargado: wo88367 - DECRETO por el que se expiden diversos reglamentos...
2025-08-13 18:29:04.030 | INFO     | __main__:procesar_documento:233 - Procesado: wo88367 - 6 chunks
2025-08-13 18:29:05.263 | SUCCESS  | __main__:generar_embeddings_y_subir:330 - Subido a Pinecone: wo88367 - 6 chunks
2025-08-13 18:29:05.813 | INFO     | __main__:descargar_documento:158 - Descargado: wo88368 - DECRETO por el que se expiden y abrogan diversos r...
2025-08-13 18:29:05.896 | INFO     | __main__:procesar_documento:233 - Procesado: wo88368 - 11 chunks
2025-08-13 18:29:06.255 | SUCCESS  | __main__:generar_embeddings_y_subir:330 - Subido a Pinecone: wo88360 - 9 chunks
2025-08-13 18:29:06.886 | INFO     | __main__:descargar_documento:158 - Descargado: wo88361 - REGLAMENTO DE LA ESCUELA MILITAR DE OFICIALES DE S...
2025-08-13 18:29:06.991 | INFO     | __main__:procesar_documento:233 - Procesado: wo88361 - 8 chunks
2025-08-13 18:29:08.063 | SUCCESS  | __main__:generar_embeddings_y_subir:330 - Subido a Pinecone: wo88368 - 11 chunks
2025-08-13 18:29:08.244 | SUCCESS  | __main__:generar_embeddings_y_subir:330 - Subido a Pinecone: wo88361 - 8 chunks
2025-08-13 18:29:08.667 | INFO     | __main__:descargar_documento:158 - Descargado: wo88369 - REGLAMENTO DE LA HEROICA ESCUELA NAVAL MILITAR...
2025-08-13 18:29:08.753 | INFO     | __main__:procesar_documento:233 - Procesado: wo88369 - 9 chunks
2025-08-13 18:29:09.485 | INFO     | __main__:descargar_documento:158 - Descargado: wo88364 - REGLAMENTO DE LA ESCUELA MILITAR DE TRANSMISIONES...
2025-08-13 18:29:09.605 | INFO     | __main__:procesar_documento:233 - Procesado: wo88364 - 9 chunks
2025-08-13 18:29:11.545 | SUCCESS  | __main__:generar_embeddings_y_subir:330 - Subido a Pinecone: wo88364 - 9 chunks
2025-08-13 18:29:11.785 | SUCCESS  | __main__:generar_embeddings_y_subir:330 - Subido a Pinecone: wo88369 - 9 chunks
2025-08-13 18:29:12.097 | INFO     | __main__:descargar_documento:158 - Descargado: wo88365 - REGLAMENTO de la Escuela Militar de Tropas Especia...
2025-08-13 18:29:12.168 | INFO     | __main__:procesar_documento:233 - Procesado: wo88365 - 9 chunks
2025-08-13 18:29:12.418 | INFO     | __main__:descargar_documento:158 - Descargado: wo88600 - REGLAMENTO DE RECLUTAMIENTO DE...
2025-08-13 18:29:12.496 | INFO     | __main__:procesar_documento:233 - Procesado: wo88600 - 8 chunks
2025-08-13 18:29:14.798 | SUCCESS  | __main__:generar_embeddings_y_subir:330 - Subido a Pinecone: wo88365 - 9 chunks
2025-08-13 18:29:14.839 | SUCCESS  | __main__:generar_embeddings_y_subir:330 - Subido a Pinecone: wo88600 - 8 chunks
2025-08-13 18:29:15.215 | INFO     | __main__:descargar_documento:158 - Descargado: wo88366 - DECRETO por el que se expiden diversos reglamentos...
2025-08-13 18:29:15.274 | INFO     | __main__:procesar_documento:233 - Procesado: wo88366 - 7 chunks
2025-08-13 18:29:15.466 | INFO     | __main__:descargar_documento:158 - Descargado: wo88601 - REGLAMENTO DE SEGURIDAD Y PROTECCION BANCARIA...
2025-08-13 18:29:15.486 | INFO     | __main__:procesar_documento:233 - Procesado: wo88601 - 2 chunks
2025-08-13 18:29:16.086 | SUCCESS  | __main__:generar_embeddings_y_subir:330 - Subido a Pinecone: wo88601 - 2 chunks
2025-08-13 18:29:16.534 | INFO     | __main__:descargar_documento:158 - Descargado: wo88602 - REGLAMENTO de Seguridad, Higiene y Medio Ambiente ...
2025-08-13 18:29:16.586 | INFO     | __main__:procesar_documento:233 - Procesado: wo88602 - 11 chunks
2025-08-13 18:29:16.803 | SUCCESS  | __main__:generar_embeddings_y_subir:330 - Subido a Pinecone: wo88366 - 7 chunks
2025-08-13 18:29:19.268 | INFO     | __main__:descargar_documento:158 - Descargado: wo88571 - REGLAMENTO DE LA POLICIA JUDICIAL...
2025-08-13 18:29:19.299 | INFO     | __main__:procesar_documento:233 - Procesado: wo88571 - 2 chunks
2025-08-13 18:29:19.657 | SUCCESS  | __main__:generar_embeddings_y_subir:330 - Subido a Pinecone: wo88602 - 11 chunks
2025-08-13 18:29:19.872 | SUCCESS  | __main__:generar_embeddings_y_subir:330 - Subido a Pinecone: wo88571 - 2 chunks
2025-08-13 18:29:20.242 | INFO     | __main__:descargar_documento:158 - Descargado: wo88604 - REGLAMENTO DE SERVICIOS MÉDICOS...
2025-08-13 18:29:20.321 | INFO     | __main__:procesar_documento:233 - Procesado: wo88604 - 13 chunks
2025-08-13 18:29:20.467 | INFO     | __main__:descargar_documento:158 - Descargado: wo88572 - REGLAMENTO DE LA PRESTACION DEL SERVICIO TURISTICO...
2025-08-13 18:29:20.519 | INFO     | __main__:procesar_documento:233 - Procesado: wo88572 - 6 chunks
2025-08-13 18:29:23.896 | SUCCESS  | __main__:generar_embeddings_y_subir:330 - Subido a Pinecone: wo88604 - 13 chunks
2025-08-13 18:29:23.927 | SUCCESS  | __main__:generar_embeddings_y_subir:330 - Subido a Pinecone: wo88572 - 6 chunks
2025-08-13 18:29:24.150 | INFO     | __main__:descargar_documento:158 - Descargado: wo88565 - “REGLAMENTO DE LA MEDALLA AL...
2025-08-13 18:29:24.168 | INFO     | __main__:procesar_documento:233 - Procesado: wo88565 - 3 chunks
2025-08-13 18:29:24.489 | INFO     | __main__:descargar_documento:158 - Descargado: wo88575 - REGLAMENTO DE LA SUPREMA CORTE DE...
2025-08-13 18:29:24.552 | INFO     | __main__:procesar_documento:233 - Procesado: wo88575 - 9 chunks
2025-08-13 18:29:25.290 | SUCCESS  | __main__:generar_embeddings_y_subir:330 - Subido a Pinecone: wo88565 - 3 chunks
2025-08-13 18:29:25.462 | INFO     | __main__:descargar_documento:158 - Descargado: wo88566 - REGLAMENTO DE LA OFICINA...
2025-08-13 18:29:25.473 | INFO     | __main__:procesar_documento:233 - Procesado: wo88566 - 1 chunks
2025-08-13 18:29:25.816 | SUCCESS  | __main__:generar_embeddings_y_subir:330 - Subido a Pinecone: wo88566 - 1 chunks
2025-08-13 18:29:26.338 | SUCCESS  | __main__:generar_embeddings_y_subir:330 - Subido a Pinecone: wo88575 - 9 chunks
2025-08-13 18:29:26.694 | INFO     | __main__:descargar_documento:158 - Descargado: wo88583 - Reglamento de los Certificados de Aptitud para el ...
2025-08-13 18:29:26.770 | INFO     | __main__:procesar_documento:233 - Procesado: wo88583 - 6 chunks
2025-08-13 18:29:27.184 | INFO     | __main__:descargar_documento:158 - Descargado: wo88568 - REGLAMENTO DE LA OFICINA...
2025-08-13 18:29:27.261 | INFO     | __main__:procesar_documento:233 - Procesado: wo88568 - 9 chunks
2025-08-13 18:29:28.040 | SUCCESS  | __main__:generar_embeddings_y_subir:330 - Subido a Pinecone: wo88583 - 6 chunks
2025-08-13 18:29:28.282 | INFO     | __main__:descargar_documento:158 - Descargado: wo88584 - REGLAMENTO DE LOS GRUPOS DE MILITARES...
2025-08-13 18:29:28.305 | INFO     | __main__:procesar_documento:233 - Procesado: wo88584 - 4 chunks
2025-08-13 18:29:29.053 | SUCCESS  | __main__:generar_embeddings_y_subir:330 - Subido a Pinecone: wo88584 - 4 chunks
2025-08-13 18:29:29.154 | INFO     | __main__:mostrar_progreso:365 - Progreso: 377 documentos | Descargados: 378 | Procesados: 378 | Subidos: 377 | Errores: 2
2025-08-13 18:29:29.263 | INFO     | __main__:descargar_documento:158 - Descargado: wo88586 - REGLAMENTO DE LOS SERVICIOS DE...
2025-08-13 18:29:29.281 | INFO     | __main__:procesar_documento:233 - Procesado: wo88586 - 3 chunks
2025-08-13 18:29:29.449 | SUCCESS  | __main__:generar_embeddings_y_subir:330 - Subido a Pinecone: wo88568 - 9 chunks
2025-08-13 18:29:30.037 | INFO     | __main__:descargar_documento:158 - Descargado: wo88660 - REGLAMENTO DEL CONSEJO DE ADMINISTRACION DEL INSTI...
2025-08-13 18:29:30.052 | INFO     | __main__:procesar_documento:233 - Procesado: wo88660 - 2 chunks
2025-08-13 18:29:30.353 | SUCCESS  | __main__:generar_embeddings_y_subir:330 - Subido a Pinecone: wo88586 - 3 chunks
2025-08-13 18:29:30.915 | SUCCESS  | __main__:generar_embeddings_y_subir:330 - Subido a Pinecone: wo88660 - 2 chunks
2025-08-13 18:29:33.348 | INFO     | __main__:descargar_documento:158 - Descargado: wo88663 - REGLAMENTO DEL HEROICO COLEGIO MILITAR...
2025-08-13 18:29:33.498 | INFO     | __main__:procesar_documento:233 - Procesado: wo88663 - 9 chunks
2025-08-13 18:29:33.614 | INFO     | __main__:descargar_documento:158 - Descargado: wo88592 - DECRETOpor el que se reforman, adicionan y derogan...
2025-08-13 18:29:33.749 | INFO     | __main__:procesar_documento:233 - Procesado: wo88592 - 13 chunks
2025-08-13 18:29:35.914 | SUCCESS  | __main__:generar_embeddings_y_subir:330 - Subido a Pinecone: wo88663 - 9 chunks
2025-08-13 18:29:36.688 | SUCCESS  | __main__:generar_embeddings_y_subir:330 - Subido a Pinecone: wo88592 - 13 chunks
2025-08-13 18:29:37.444 | INFO     | __main__:descargar_documento:158 - Descargado: wo88664 - REGLAMENTO DEL HOSPITAL CENTRAL...
2025-08-13 18:29:37.501 | INFO     | __main__:procesar_documento:233 - Procesado: wo88664 - 7 chunks
2025-08-13 18:29:39.047 | INFO     | __main__:descargar_documento:158 - Descargado: wo88599 - Reglamento de Radio y Televisión en Materia Electo...
2025-08-13 18:29:39.139 | SUCCESS  | __main__:generar_embeddings_y_subir:330 - Subido a Pinecone: wo88664 - 7 chunks
2025-08-13 18:29:39.154 | INFO     | __main__:procesar_documento:233 - Procesado: wo88599 - 22 chunks
2025-08-13 18:29:39.414 | INFO     | __main__:descargar_documento:158 - Descargado: wo88667 - REGLAMENTO DEL INSTITUTO DE CAPACITACION DE LA PRO...
2025-08-13 18:29:39.450 | INFO     | __main__:procesar_documento:233 - Procesado: wo88667 - 3 chunks
2025-08-13 18:29:40.903 | SUCCESS  | __main__:generar_embeddings_y_subir:330 - Subido a Pinecone: wo88667 - 3 chunks
2025-08-13 18:29:42.973 | SUCCESS  | __main__:generar_embeddings_y_subir:330 - Subido a Pinecone: wo88599 - 22 chunks
2025-08-13 18:29:43.230 | INFO     | __main__:descargar_documento:158 - Descargado: wo88671 - REGLAMENTO DEL INSTITUTO...
2025-08-13 18:29:43.427 | INFO     | __main__:procesar_documento:233 - Procesado: wo88671 - 33 chunks
2025-08-13 18:29:43.506 | INFO     | __main__:descargar_documento:158 - Descargado: wo88650 - DECRETO POR EL QUE SE EXPIDE EL REGLAMENTO DEL CAN...
2025-08-13 18:29:43.575 | INFO     | __main__:procesar_documento:233 - Procesado: wo88650 - 5 chunks
2025-08-13 18:29:44.770 | SUCCESS  | __main__:generar_embeddings_y_subir:330 - Subido a Pinecone: wo88650 - 5 chunks
2025-08-13 18:29:45.070 | INFO     | __main__:descargar_documento:158 - Descargado: wo88653 - REGLAMENTO DEL CÓDIGO DE...
2025-08-13 18:29:45.142 | INFO     | __main__:procesar_documento:233 - Procesado: wo88653 - 4 chunks
2025-08-13 18:29:46.208 | SUCCESS  | __main__:generar_embeddings_y_subir:330 - Subido a Pinecone: wo88653 - 4 chunks
2025-08-13 18:29:47.151 | INFO     | __main__:descargar_documento:158 - Descargado: wo88673 - REGLAMENTO DEL INSTITUTO MEXICANO DE LA PROPIEDAD ...
2025-08-13 18:29:47.250 | INFO     | __main__:procesar_documento:233 - Procesado: wo88673 - 10 chunks
2025-08-13 18:29:49.925 | SUCCESS  | __main__:generar_embeddings_y_subir:330 - Subido a Pinecone: wo88671 - 33 chunks
2025-08-13 18:29:50.305 | SUCCESS  | __main__:generar_embeddings_y_subir:330 - Subido a Pinecone: wo88673 - 10 chunks
2025-08-13 18:29:50.567 | INFO     | __main__:descargar_documento:158 - Descargado: wo88635 - ACUERDO DEL CONSEJO CONSULTIVO DE LA COMISION NACI...
2025-08-13 18:29:50.801 | INFO     | __main__:procesar_documento:233 - Procesado: wo88635 - 3 chunks
2025-08-13 18:29:51.051 | INFO     | __main__:descargar_documento:158 - Descargado: wo88627 - REGLAMENTO DE SESIONES DEL...
2025-08-13 18:29:51.107 | INFO     | __main__:procesar_documento:233 - Procesado: wo88627 - 10 chunks
2025-08-13 18:29:51.418 | SUCCESS  | __main__:generar_embeddings_y_subir:330 - Subido a Pinecone: wo88635 - 3 chunks
2025-08-13 18:29:51.826 | INFO     | __main__:descargar_documento:158 - Descargado: wo88642 - REGLAMENTO de vacaciones para los miembros del Ejé...
2025-08-13 18:29:51.855 | INFO     | __main__:procesar_documento:233 - Procesado: wo88642 - 4 chunks
2025-08-13 18:29:52.935 | SUCCESS  | __main__:generar_embeddings_y_subir:330 - Subido a Pinecone: wo88642 - 4 chunks
2025-08-13 18:29:53.110 | SUCCESS  | __main__:generar_embeddings_y_subir:330 - Subido a Pinecone: wo88627 - 10 chunks
2025-08-13 18:29:53.171 | INFO     | __main__:descargar_documento:158 - Descargado: wo88643 - REGLAMENTO DE VACACIONES Y...
2025-08-13 18:29:53.202 | INFO     | __main__:procesar_documento:233 - Procesado: wo88643 - 4 chunks
2025-08-13 18:29:53.743 | INFO     | __main__:descargar_documento:158 - Descargado: wo88629 - REGLAMENTO de Sistemas de Comercialización Consist...
2025-08-13 18:29:53.822 | INFO     | __main__:procesar_documento:233 - Procesado: wo88629 - 13 chunks
2025-08-13 18:29:54.130 | SUCCESS  | __main__:generar_embeddings_y_subir:330 - Subido a Pinecone: wo88643 - 4 chunks
2025-08-13 18:29:54.449 | INFO     | __main__:descargar_documento:158 - Descargado: wo88645 - REGLAMENTO DEL ARCHIVO GENERAL DE LA NACION...
2025-08-13 18:29:54.520 | INFO     | __main__:procesar_documento:233 - Procesado: wo88645 - 4 chunks
2025-08-13 18:29:55.397 | SUCCESS  | __main__:generar_embeddings_y_subir:330 - Subido a Pinecone: wo88645 - 4 chunks
2025-08-13 18:29:55.704 | INFO     | __main__:descargar_documento:158 - Descargado: wo88646 - REGLAMENTO DEL ARTÍCULO...
2025-08-13 18:29:55.750 | INFO     | __main__:procesar_documento:233 - Procesado: wo88646 - 2 chunks
2025-08-13 18:29:56.663 | SUCCESS  | __main__:generar_embeddings_y_subir:330 - Subido a Pinecone: wo88629 - 13 chunks
2025-08-13 18:29:56.703 | SUCCESS  | __main__:generar_embeddings_y_subir:330 - Subido a Pinecone: wo88646 - 2 chunks
2025-08-13 18:29:57.502 | INFO     | __main__:descargar_documento:158 - Descargado: wo88647 - REGLAMENTO DEL ARTÍCULO 95...
2025-08-13 18:29:57.518 | INFO     | __main__:procesar_documento:233 - Procesado: wo88647 - 2 chunks
2025-08-13 18:29:57.774 | INFO     | __main__:descargar_documento:158 - Descargado: wo88630 - Reglamento de Supervisión de la Comisión Nacional ...
2025-08-13 18:29:57.877 | INFO     | __main__:procesar_documento:233 - Procesado: wo88630 - 18 chunks
2025-08-13 18:29:57.989 | SUCCESS  | __main__:generar_embeddings_y_subir:330 - Subido a Pinecone: wo88647 - 2 chunks
2025-08-13 18:29:58.747 | INFO     | __main__:descargar_documento:158 - Descargado: wo88682 - REGLAMENTO DEL QUINTO REGIMIENTO DE CABALLERIA MOT...
2025-08-13 18:29:58.802 | INFO     | __main__:procesar_documento:233 - Procesado: wo88682 - 6 chunks
2025-08-13 18:30:00.699 | SUCCESS  | __main__:generar_embeddings_y_subir:330 - Subido a Pinecone: wo88682 - 6 chunks
2025-08-13 18:30:01.208 | INFO     | __main__:descargar_documento:158 - Descargado: wo88683 - REGLAMENTO DEL RECURSO DE INCONFORMIDAD...
2025-08-13 18:30:01.241 | INFO     | __main__:procesar_documento:233 - Procesado: wo88683 - 6 chunks
2025-08-13 18:30:02.826 | SUCCESS  | __main__:generar_embeddings_y_subir:330 - Subido a Pinecone: wo88683 - 6 chunks
2025-08-13 18:30:02.897 | SUCCESS  | __main__:generar_embeddings_y_subir:330 - Subido a Pinecone: wo88630 - 18 chunks
2025-08-13 18:30:04.932 | INFO     | __main__:descargar_documento:158 - Descargado: wo88684 - REGLAMENTO DEL REGISTRO AERONAUTICO...
2025-08-13 18:30:04.981 | INFO     | __main__:procesar_documento:233 - Procesado: wo88684 - 7 chunks
2025-08-13 18:30:09.389 | SUCCESS  | __main__:generar_embeddings_y_subir:330 - Subido a Pinecone: wo88684 - 7 chunks
2025-08-13 18:30:10.412 | INFO     | __main__:descargar_documento:158 - Descargado: wo88691 - REGLAMENTO PARA EL SERVICIO...
2025-08-13 18:30:10.526 | INFO     | __main__:procesar_documento:233 - Procesado: wo88691 - 2 chunks
2025-08-13 18:30:11.107 | SUCCESS  | __main__:generar_embeddings_y_subir:330 - Subido a Pinecone: wo88691 - 2 chunks
2025-08-13 18:30:11.208 | INFO     | __main__:mostrar_progreso:365 - Progreso: 402 documentos | Descargados: 402 | Procesados: 402 | Subidos: 402 | Errores: 2
2025-08-13 18:30:12.687 | INFO     | __main__:descargar_documento:158 - Descargado: wo88632 - REGLAMENTO DE TELECOMUNICACIONES...
2025-08-13 18:30:12.880 | INFO     | __main__:procesar_documento:233 - Procesado: wo88632 - 21 chunks
2025-08-13 18:30:16.730 | INFO     | __main__:descargar_documento:158 - Descargado: wo88698 - Reglamento del Senado de la República...
2025-08-13 18:30:17.105 | INFO     | __main__:procesar_documento:233 - Procesado: wo88698 - 44 chunks
2025-08-13 18:30:17.763 | SUCCESS  | __main__:generar_embeddings_y_subir:330 - Subido a Pinecone: wo88632 - 21 chunks
2025-08-13 18:30:18.528 | INFO     | __main__:descargar_documento:158 - Descargado: wo88771 - Reglamento Interior de la Procuraduría Agraria...
2025-08-13 18:30:18.596 | INFO     | __main__:procesar_documento:233 - Procesado: wo88771 - 13 chunks
2025-08-13 18:30:21.340 | SUCCESS  | __main__:generar_embeddings_y_subir:330 - Subido a Pinecone: wo88771 - 13 chunks
2025-08-13 18:30:22.263 | INFO     | __main__:descargar_documento:158 - Descargado: wo88772 - REGLAMENTO INTERIOR DE LA...
2025-08-13 18:30:22.415 | INFO     | __main__:procesar_documento:233 - Procesado: wo88772 - 23 chunks
2025-08-13 18:30:25.650 | SUCCESS  | __main__:generar_embeddings_y_subir:330 - Subido a Pinecone: wo88698 - 44 chunks
2025-08-13 18:30:26.143 | INFO     | __main__:descargar_documento:158 - Descargado: wo88763 - REGLAMENTO Interior de la Comisión Nacional para e...
2025-08-13 18:30:26.190 | INFO     | __main__:procesar_documento:233 - Procesado: wo88763 - 9 chunks
2025-08-13 18:30:27.315 | SUCCESS  | __main__:generar_embeddings_y_subir:330 - Subido a Pinecone: wo88772 - 23 chunks
2025-08-13 18:30:27.718 | INFO     | __main__:descargar_documento:158 - Descargado: wo88700 - REGLAMENTO del Servicio de Giros Telegráficos...
2025-08-13 18:30:27.739 | INFO     | __main__:procesar_documento:233 - Procesado: wo88700 - 3 chunks
2025-08-13 18:30:28.480 | SUCCESS  | __main__:generar_embeddings_y_subir:330 - Subido a Pinecone: wo88763 - 9 chunks
2025-08-13 18:30:29.026 | SUCCESS  | __main__:generar_embeddings_y_subir:330 - Subido a Pinecone: wo88700 - 3 chunks
2025-08-13 18:30:30.157 | INFO     | __main__:descargar_documento:158 - Descargado: wo88765 - REGLAMENTO INTERIOR DE LA COMISIÓN...
2025-08-13 18:30:30.599 | INFO     | __main__:descargar_documento:158 - Descargado: wo88701 - REGLAMENTO DEL SERVICIO DE...
2025-08-13 18:30:30.661 | INFO     | __main__:procesar_documento:233 - Procesado: wo88765 - 4 chunks
2025-08-13 18:30:30.664 | INFO     | __main__:procesar_documento:233 - Procesado: wo88701 - 9 chunks
2025-08-13 18:30:32.356 | SUCCESS  | __main__:generar_embeddings_y_subir:330 - Subido a Pinecone: wo88765 - 4 chunks
2025-08-13 18:30:32.429 | SUCCESS  | __main__:generar_embeddings_y_subir:330 - Subido a Pinecone: wo88701 - 9 chunks
2025-08-13 18:30:32.741 | INFO     | __main__:descargar_documento:158 - Descargado: wo88703 - REGLAMENTO DEL SERVICIO DE TELEFONÍA PÚBLICA...
2025-08-13 18:30:32.768 | INFO     | __main__:procesar_documento:233 - Procesado: wo88703 - 3 chunks
2025-08-13 18:30:32.795 | INFO     | __main__:descargar_documento:158 - Descargado: wo88768 - REGLAMENTO Interior de la Escuela de Ingenieros de...
2025-08-13 18:30:33.049 | INFO     | __main__:procesar_documento:233 - Procesado: wo88768 - 9 chunks
2025-08-13 18:30:33.604 | SUCCESS  | __main__:generar_embeddings_y_subir:330 - Subido a Pinecone: wo88703 - 3 chunks
2025-08-13 18:30:34.224 | INFO     | __main__:descargar_documento:158 - Descargado: wo88704 - REGLAMENTO del Servicio de Televisión y Audio Rest...
2025-08-13 18:30:34.273 | INFO     | __main__:procesar_documento:233 - Procesado: wo88704 - 7 chunks
2025-08-13 18:30:35.191 | SUCCESS  | __main__:generar_embeddings_y_subir:330 - Subido a Pinecone: wo88768 - 9 chunks
2025-08-13 18:30:35.592 | INFO     | __main__:descargar_documento:158 - Descargado: wo88770 - REGLAMENTO INTERIOR DE LA LOTERIA...
2025-08-13 18:30:35.651 | SUCCESS  | __main__:generar_embeddings_y_subir:330 - Subido a Pinecone: wo88704 - 7 chunks
2025-08-13 18:30:35.709 | INFO     | __main__:procesar_documento:233 - Procesado: wo88770 - 3 chunks
2025-08-13 18:30:36.360 | SUCCESS  | __main__:generar_embeddings_y_subir:330 - Subido a Pinecone: wo88770 - 3 chunks
2025-08-13 18:30:37.292 | INFO     | __main__:descargar_documento:158 - Descargado: wo88705 - REGLAMENTO DEL SERVICIO FERROVIARIO...
2025-08-13 18:30:37.468 | INFO     | __main__:procesar_documento:233 - Procesado: wo88705 - 25 chunks
2025-08-13 18:30:39.281 | INFO     | __main__:descargar_documento:158 - Descargado: wo88721 - REGLAMENTO General de Deberes Navales...
2025-08-13 18:30:39.401 | INFO     | __main__:procesar_documento:233 - Procesado: wo88721 - 21 chunks
2025-08-13 18:30:54.028 | SUCCESS  | __main__:generar_embeddings_y_subir:330 - Subido a Pinecone: wo88721 - 21 chunks
2025-08-13 18:30:55.386 | INFO     | __main__:descargar_documento:158 - Descargado: wo88722 - REGLAMENTO GENERAL DE INFANTERIA...
2025-08-13 18:30:55.526 | INFO     | __main__:procesar_documento:233 - Procesado: wo88722 - 27 chunks
2025-08-13 18:30:56.954 | SUCCESS  | __main__:generar_embeddings_y_subir:330 - Subido a Pinecone: wo88705 - 25 chunks
2025-08-13 18:30:58.786 | INFO     | __main__:descargar_documento:158 - Descargado: wo88716 - REGLAMENTO EN MATERIA DE...
2025-08-13 18:30:59.004 | INFO     | __main__:procesar_documento:233 - Procesado: wo88716 - 34 chunks
2025-08-13 18:31:01.066 | SUCCESS  | __main__:generar_embeddings_y_subir:330 - Subido a Pinecone: wo88722 - 27 chunks
2025-08-13 18:31:02.978 | INFO     | __main__:descargar_documento:158 - Descargado: wo88723 - REGLAMENTO DE LA ESCUELA MEDICO MILITAR...
2025-08-13 18:31:03.361 | INFO     | __main__:procesar_documento:233 - Procesado: wo88723 - 7 chunks
2025-08-13 18:31:04.666 | SUCCESS  | __main__:generar_embeddings_y_subir:330 - Subido a Pinecone: wo88723 - 7 chunks
2025-08-13 18:31:04.957 | INFO     | __main__:descargar_documento:158 - Descargado: wo88834 - REGLAMENTO INTERNO DE LA COMISION INTERSECRETARIAL...
2025-08-13 18:31:04.983 | INFO     | __main__:procesar_documento:233 - Procesado: wo88834 - 3 chunks
2025-08-13 18:31:05.634 | SUCCESS  | __main__:generar_embeddings_y_subir:330 - Subido a Pinecone: wo88834 - 3 chunks
2025-08-13 18:31:06.688 | SUCCESS  | __main__:generar_embeddings_y_subir:330 - Subido a Pinecone: wo88716 - 34 chunks
2025-08-13 18:31:08.328 | INFO     | __main__:descargar_documento:158 - Descargado: wo88726 - REGLAMENTO GENERAL DE SEGURIDAD RADIOLÓGICA...
2025-08-13 18:31:08.329 | INFO     | __main__:descargar_documento:158 - Descargado: wo88718 - REGLAMENTO FINANCIERO Y DE...
2025-08-13 18:31:08.571 | INFO     | __main__:procesar_documento:233 - Procesado: wo88718 - 12 chunks
2025-08-13 18:31:08.573 | INFO     | __main__:procesar_documento:233 - Procesado: wo88726 - 22 chunks
2025-08-13 18:31:15.679 | SUCCESS  | __main__:generar_embeddings_y_subir:330 - Subido a Pinecone: wo88718 - 12 chunks
2025-08-13 18:31:15.868 | SUCCESS  | __main__:generar_embeddings_y_subir:330 - Subido a Pinecone: wo88726 - 22 chunks
2025-08-13 18:31:18.510 | INFO     | __main__:descargar_documento:158 - Descargado: wo88720 - REGLAMENTO GENERAL DE DEBERES MILITARES...
2025-08-13 18:31:18.693 | INFO     | __main__:procesar_documento:233 - Procesado: wo88720 - 23 chunks
2025-08-13 18:31:19.439 | INFO     | __main__:descargar_documento:158 - Descargado: wo88727 - REGLAMENTO General del Colegio del Aire...
2025-08-13 18:31:19.698 | INFO     | __main__:procesar_documento:233 - Procesado: wo88727 - 18 chunks
2025-08-13 18:31:24.904 | SUCCESS  | __main__:generar_embeddings_y_subir:330 - Subido a Pinecone: wo88720 - 23 chunks
2025-08-13 18:31:25.006 | INFO     | __main__:mostrar_progreso:365 - Progreso: 423 documentos | Descargados: 424 | Procesados: 424 | Subidos: 423 | Errores: 2
2025-08-13 18:31:25.299 | INFO     | __main__:descargar_documento:158 - Descargado: wo88734 - REGLAMENTO Interior de la Comisión Ejecutiva de Tu...
2025-08-13 18:31:25.316 | INFO     | __main__:procesar_documento:233 - Procesado: wo88734 - 4 chunks
2025-08-13 18:31:26.569 | SUCCESS  | __main__:generar_embeddings_y_subir:330 - Subido a Pinecone: wo88734 - 4 chunks
2025-08-13 18:31:26.939 | INFO     | __main__:descargar_documento:158 - Descargado: wo88736 - REGLAMENTO Interior de la Comisión Federal de Mejo...
2025-08-13 18:31:26.967 | INFO     | __main__:procesar_documento:233 - Procesado: wo88736 - 5 chunks
2025-08-13 18:31:27.054 | SUCCESS  | __main__:generar_embeddings_y_subir:330 - Subido a Pinecone: wo88727 - 18 chunks
2025-08-13 18:31:27.804 | SUCCESS  | __main__:generar_embeddings_y_subir:330 - Subido a Pinecone: wo88736 - 5 chunks
2025-08-13 18:31:28.736 | INFO     | __main__:descargar_documento:158 - Descargado: wo88737 - REGLAMENTO, Interior de la Comisión Interinstituci...
2025-08-13 18:31:28.763 | INFO     | __main__:procesar_documento:233 - Procesado: wo88737 - 3 chunks
2025-08-13 18:31:29.569 | SUCCESS  | __main__:generar_embeddings_y_subir:330 - Subido a Pinecone: wo88737 - 3 chunks
2025-08-13 18:31:32.302 | INFO     | __main__:descargar_documento:158 - Descargado: wo88738 - REGLAMENTO INTERIOR DE LA...
2025-08-13 18:31:32.381 | INFO     | __main__:procesar_documento:233 - Procesado: wo88738 - 11 chunks
2025-08-13 18:31:32.409 | INFO     | __main__:descargar_documento:158 - Descargado: wo88728 - “REGLAMENTO DE LA ESCUELA MILITAR DE TIRO...
2025-08-13 18:31:33.583 | INFO     | __main__:procesar_documento:233 - Procesado: wo88728 - 13 chunks
2025-08-13 18:31:35.845 | SUCCESS  | __main__:generar_embeddings_y_subir:330 - Subido a Pinecone: wo88738 - 11 chunks
2025-08-13 18:31:36.161 | SUCCESS  | __main__:generar_embeddings_y_subir:330 - Subido a Pinecone: wo88728 - 13 chunks
2025-08-13 18:31:36.199 | INFO     | __main__:descargar_documento:158 - Descargado: wo88739 - REGLAMENTO Interior de la Comisión Interinstitucio...
2025-08-13 18:31:36.234 | INFO     | __main__:procesar_documento:233 - Procesado: wo88739 - 4 chunks
2025-08-13 18:31:36.420 | INFO     | __main__:descargar_documento:158 - Descargado: wo88730 - REGLAMENTO GENERAL...
2025-08-13 18:31:36.452 | INFO     | __main__:procesar_documento:233 - Procesado: wo88730 - 6 chunks
2025-08-13 18:31:37.344 | SUCCESS  | __main__:generar_embeddings_y_subir:330 - Subido a Pinecone: wo88739 - 4 chunks
2025-08-13 18:31:37.670 | INFO     | __main__:descargar_documento:158 - Descargado: wo88740 - REGLAMENTO INTERIOR DE LA COMISIÓN INTERSECRETARIA...
2025-08-13 18:31:37.706 | INFO     | __main__:procesar_documento:233 - Procesado: wo88740 - 3 chunks
2025-08-13 18:31:38.055 | SUCCESS  | __main__:generar_embeddings_y_subir:330 - Subido a Pinecone: wo88730 - 6 chunks
2025-08-13 18:31:38.357 | SUCCESS  | __main__:generar_embeddings_y_subir:330 - Subido a Pinecone: wo88740 - 3 chunks
2025-08-13 18:31:39.869 | INFO     | __main__:descargar_documento:158 - Descargado: wo88732 - REGLAMENTO INTERIOR DE...
2025-08-13 18:31:40.214 | INFO     | __main__:procesar_documento:233 - Procesado: wo88732 - 63 chunks
2025-08-13 18:31:43.789 | INFO     | __main__:descargar_documento:158 - Descargado: wo88741 - Reglamento Interior de la Comisión Intersecretaria...
2025-08-13 18:31:43.814 | INFO     | __main__:procesar_documento:233 - Procesado: wo88741 - 4 chunks
2025-08-13 18:31:44.694 | SUCCESS  | __main__:generar_embeddings_y_subir:330 - Subido a Pinecone: wo88741 - 4 chunks
2025-08-13 18:31:44.922 | INFO     | __main__:descargar_documento:158 - Descargado: wo88742 - REGLAMENTO INTERIOR DE LA COMISIÓN INTERSECRETARIA...
2025-08-13 18:31:44.946 | INFO     | __main__:procesar_documento:233 - Procesado: wo88742 - 2 chunks
2025-08-13 18:31:45.408 | SUCCESS  | __main__:generar_embeddings_y_subir:330 - Subido a Pinecone: wo88742 - 2 chunks
2025-08-13 18:31:47.461 | INFO     | __main__:descargar_documento:158 - Descargado: wo88801 - REGLAMENTO INTERIOR DEL...
2025-08-13 18:31:47.748 | INFO     | __main__:procesar_documento:233 - Procesado: wo88801 - 37 chunks
2025-08-13 18:31:53.673 | SUCCESS  | __main__:generar_embeddings_y_subir:330 - Subido a Pinecone: wo88732 - 63 chunks
2025-08-13 18:31:53.926 | SUCCESS  | __main__:generar_embeddings_y_subir:330 - Subido a Pinecone: wo88801 - 37 chunks
2025-08-13 18:31:55.882 | INFO     | __main__:descargar_documento:158 - Descargado: wo88733 - Reglamento Interior de la Comisión de la Región Co...
2025-08-13 18:31:55.908 | INFO     | __main__:procesar_documento:233 - Procesado: wo88733 - 8 chunks
2025-08-13 18:31:57.463 | SUCCESS  | __main__:generar_embeddings_y_subir:330 - Subido a Pinecone: wo88733 - 8 chunks
2025-08-13 18:31:57.610 | INFO     | __main__:descargar_documento:158 - Descargado: wo88802 - REGLAMENTO INTERIOR DEL INSTITUTO MEXICANO DEL SEG...
2025-08-13 18:31:57.924 | INFO     | __main__:procesar_documento:233 - Procesado: wo88802 - 55 chunks
2025-08-13 18:32:04.303 | INFO     | __main__:descargar_documento:158 - Descargado: wo88806 - REGLAMENTO INTERIOR DEL...
2025-08-13 18:32:04.876 | INFO     | __main__:procesar_documento:233 - Procesado: wo88806 - 72 chunks
2025-08-13 18:32:10.749 | SUCCESS  | __main__:generar_embeddings_y_subir:330 - Subido a Pinecone: wo88802 - 55 chunks
2025-08-13 18:32:11.537 | INFO     | __main__:descargar_documento:158 - Descargado: wo88813 - REGLAMENTO Interno de la Comisión de Fomento de la...
2025-08-13 18:32:11.555 | INFO     | __main__:procesar_documento:233 - Procesado: wo88813 - 3 chunks
2025-08-13 18:32:16.638 | SUCCESS  | __main__:generar_embeddings_y_subir:330 - Subido a Pinecone: wo88813 - 3 chunks
2025-08-13 18:32:17.233 | INFO     | __main__:descargar_documento:158 - Descargado: wo88818 - REGLAMENTO INTERNO DE LA...
2025-08-13 18:32:17.256 | INFO     | __main__:procesar_documento:233 - Procesado: wo88818 - 3 chunks
2025-08-13 18:32:17.923 | SUCCESS  | __main__:generar_embeddings_y_subir:330 - Subido a Pinecone: wo88818 - 3 chunks
2025-08-13 18:32:20.397 | INFO     | __main__:descargar_documento:158 - Descargado: wo88823 - REGLAMENTO Interno de la Comisión Federal de Telec...
2025-08-13 18:32:20.449 | INFO     | __main__:procesar_documento:233 - Procesado: wo88823 - 14 chunks
2025-08-13 18:32:23.149 | SUCCESS  | __main__:generar_embeddings_y_subir:330 - Subido a Pinecone: wo88806 - 72 chunks
2025-08-13 18:32:24.133 | INFO     | __main__:descargar_documento:158 - Descargado: wo88808 - REGLAMENTO INTERIOR DEL...
2025-08-13 18:32:24.190 | INFO     | __main__:procesar_documento:233 - Procesado: wo88808 - 6 chunks
2025-08-13 18:32:24.338 | SUCCESS  | __main__:generar_embeddings_y_subir:330 - Subido a Pinecone: wo88823 - 14 chunks
2025-08-13 18:32:25.051 | INFO     | __main__:descargar_documento:158 - Descargado: wo88863 - REGLAMENTO Interno de la Comisión Intersecretarial...
2025-08-13 18:32:25.077 | INFO     | __main__:procesar_documento:233 - Procesado: wo88863 - 3 chunks
2025-08-13 18:32:25.278 | SUCCESS  | __main__:generar_embeddings_y_subir:330 - Subido a Pinecone: wo88808 - 6 chunks
2025-08-13 18:32:25.737 | SUCCESS  | __main__:generar_embeddings_y_subir:330 - Subido a Pinecone: wo88863 - 3 chunks
2025-08-13 18:32:26.390 | INFO     | __main__:descargar_documento:158 - Descargado: wo88865 - REGLAMENTO INTERNO DE LA...
2025-08-13 18:32:26.444 | INFO     | __main__:procesar_documento:233 - Procesado: wo88865 - 6 chunks
2025-08-13 18:32:27.754 | SUCCESS  | __main__:generar_embeddings_y_subir:330 - Subido a Pinecone: wo88865 - 6 chunks
2025-08-13 18:32:27.962 | INFO     | __main__:descargar_documento:158 - Descargado: wo88866 - REGLAMENTO INTERNO DE LA COMISION...
2025-08-13 18:32:27.985 | INFO     | __main__:procesar_documento:233 - Procesado: wo88866 - 3 chunks
2025-08-13 18:32:28.167 | INFO     | __main__:descargar_documento:158 - Descargado: wo88809 - REGLAMENTO INTERIOR DEL...
2025-08-13 18:32:28.437 | INFO     | __main__:procesar_documento:233 - Procesado: wo88809 - 35 chunks
2025-08-13 18:32:28.861 | SUCCESS  | __main__:generar_embeddings_y_subir:330 - Subido a Pinecone: wo88866 - 3 chunks
2025-08-13 18:32:32.253 | INFO     | __main__:descargar_documento:158 - Descargado: wo88868 - REGLAMENTO INTERNO DE LA...
2025-08-13 18:32:32.421 | INFO     | __main__:procesar_documento:233 - Procesado: wo88868 - 24 chunks
2025-08-13 18:32:35.189 | SUCCESS  | __main__:generar_embeddings_y_subir:330 - Subido a Pinecone: wo88809 - 35 chunks
2025-08-13 18:32:37.309 | SUCCESS  | __main__:generar_embeddings_y_subir:330 - Subido a Pinecone: wo88868 - 24 chunks
2025-08-13 18:32:37.950 | INFO     | __main__:descargar_documento:158 - Descargado: wo88810 - Microsoft Word - Reglamento Interior en materia de...
2025-08-13 18:32:38.538 | INFO     | __main__:descargar_documento:158 - Descargado: wo88869 - REGLAMENTO INTERNO DE LA COMISION NACIONAL DE PROT...
2025-08-13 18:32:38.551 | INFO     | __main__:procesar_documento:233 - Procesado: wo88810 - 17 chunks
2025-08-13 18:32:38.629 | INFO     | __main__:procesar_documento:233 - Procesado: wo88869 - 9 chunks
2025-08-13 18:32:40.571 | SUCCESS  | __main__:generar_embeddings_y_subir:330 - Subido a Pinecone: wo88869 - 9 chunks
2025-08-13 18:32:41.030 | INFO     | __main__:descargar_documento:158 - Descargado: wo88871 - REGLAMENTO INTERNO DE LOS COMITES CONSULTIVO NACIO...
2025-08-13 18:32:41.043 | INFO     | __main__:procesar_documento:233 - Procesado: wo88871 - 1 chunks
2025-08-13 18:32:41.371 | SUCCESS  | __main__:generar_embeddings_y_subir:330 - Subido a Pinecone: wo88871 - 1 chunks
2025-08-13 18:32:42.297 | SUCCESS  | __main__:generar_embeddings_y_subir:330 - Subido a Pinecone: wo88810 - 17 chunks
2025-08-13 18:32:42.547 | INFO     | __main__:descargar_documento:158 - Descargado: wo88873 - REGLAMENTO Interno del Centro de Desarrollo Integr...
2025-08-13 18:32:42.824 | INFO     | __main__:procesar_documento:233 - Procesado: wo88873 - 9 chunks
2025-08-13 18:32:43.038 | INFO     | __main__:descargar_documento:158 - Descargado: wo88811 - REGLAMENTO Interno de la Comisión Ambiental Metrop...
2025-08-13 18:32:43.071 | INFO     | __main__:procesar_documento:233 - Procesado: wo88811 - 3 chunks
2025-08-13 18:32:43.867 | SUCCESS  | __main__:generar_embeddings_y_subir:330 - Subido a Pinecone: wo88811 - 3 chunks
2025-08-13 18:32:43.968 | INFO     | __main__:mostrar_progreso:365 - Progreso: 452 documentos | Descargados: 453 | Procesados: 453 | Subidos: 452 | Errores: 2
2025-08-13 18:32:44.248 | INFO     | __main__:descargar_documento:158 - Descargado: wo88874 - REGLAMENTO Interno del Centro de Diagnóstico para ...
2025-08-13 18:32:44.298 | INFO     | __main__:procesar_documento:233 - Procesado: wo88874 - 7 chunks
2025-08-13 18:32:45.109 | SUCCESS  | __main__:generar_embeddings_y_subir:330 - Subido a Pinecone: wo88873 - 9 chunks
2025-08-13 18:32:46.693 | SUCCESS  | __main__:generar_embeddings_y_subir:330 - Subido a Pinecone: wo88874 - 7 chunks
2025-08-13 18:32:46.813 | ERROR    | __main__:descargar_documento:171 - Error descargando wo88775: ('Connection aborted.', RemoteDisconnected('Remote end closed connection without response'))
2025-08-13 18:32:49.178 | INFO     | __main__:descargar_documento:158 - Descargado: wo88783 - REGLAMENTO INTERIOR DE LA...
2025-08-13 18:32:49.435 | INFO     | __main__:descargar_documento:158 - Descargado: wo88777 - REGLAMENTO INTERIOR DE LA SECRETARÍA DE EDUCACIÓN ...
2025-08-13 18:32:49.623 | INFO     | __main__:procesar_documento:233 - Procesado: wo88777 - 37 chunks
2025-08-13 18:32:49.623 | INFO     | __main__:procesar_documento:233 - Procesado: wo88783 - 89 chunks
2025-08-13 18:33:00.716 | SUCCESS  | __main__:generar_embeddings_y_subir:330 - Subido a Pinecone: wo88777 - 37 chunks
2025-08-13 18:33:07.805 | SUCCESS  | __main__:generar_embeddings_y_subir:330 - Subido a Pinecone: wo88783 - 89 chunks
2025-08-13 18:33:08.077 | INFO     | __main__:descargar_documento:158 - Descargado: wo88779 - REGLAMENTO INTERIOR DE LA...
2025-08-13 18:33:08.939 | INFO     | __main__:procesar_documento:233 - Procesado: wo88779 - 145 chunks
2025-08-13 18:33:10.987 | INFO     | __main__:descargar_documento:158 - Descargado: wo88784 - REGLAMENTO INTERIOR DE LA SECRETARÍA DE...
2025-08-13 18:33:11.343 | INFO     | __main__:procesar_documento:233 - Procesado: wo88784 - 59 chunks
2025-08-13 18:33:21.397 | SUCCESS  | __main__:generar_embeddings_y_subir:330 - Subido a Pinecone: wo88784 - 59 chunks
2025-08-13 18:33:22.778 | INFO     | __main__:descargar_documento:158 - Descargado: wo88792 - REGLAMENTO INTERIOR DEL BANCO DE MÉXICO...
2025-08-13 18:33:23.016 | INFO     | __main__:procesar_documento:233 - Procesado: wo88792 - 41 chunks
2025-08-13 18:33:29.772 | SUCCESS  | __main__:generar_embeddings_y_subir:330 - Subido a Pinecone: wo88792 - 41 chunks
2025-08-13 18:33:30.309 | INFO     | __main__:descargar_documento:158 - Descargado: wo88793 - REGLAMENTO INTERIOR DEL COLEGIO DE...
2025-08-13 18:33:30.354 | INFO     | __main__:procesar_documento:233 - Procesado: wo88793 - 4 chunks
2025-08-13 18:33:31.568 | SUCCESS  | __main__:generar_embeddings_y_subir:330 - Subido a Pinecone: wo88793 - 4 chunks
2025-08-13 18:33:31.816 | INFO     | __main__:descargar_documento:158 - Descargado: wo88794 - REGLAMENTO INTERIOR DEL COMITÉ...
2025-08-13 18:33:31.868 | INFO     | __main__:procesar_documento:233 - Procesado: wo88794 - 4 chunks
2025-08-13 18:33:32.696 | SUCCESS  | __main__:generar_embeddings_y_subir:330 - Subido a Pinecone: wo88794 - 4 chunks
2025-08-13 18:33:33.189 | INFO     | __main__:descargar_documento:158 - Descargado: wo88875 - REGLAMENTO Interno del Centro de Diagnóstico y Tra...
2025-08-13 18:33:33.520 | INFO     | __main__:procesar_documento:233 - Procesado: wo88875 - 10 chunks
2025-08-13 18:33:35.435 | SUCCESS  | __main__:generar_embeddings_y_subir:330 - Subido a Pinecone: wo88779 - 145 chunks
2025-08-13 18:33:35.487 | SUCCESS  | __main__:generar_embeddings_y_subir:330 - Subido a Pinecone: wo88875 - 10 chunks
2025-08-13 18:33:35.805 | INFO     | __main__:descargar_documento:158 - Descargado: wo88782 - REGLAMENTO INTERIOR DE LA SECRETARÍA DE MARINA...
2025-08-13 18:33:35.871 | INFO     | __main__:procesar_documento:233 - Procesado: wo88782 - 8 chunks
2025-08-13 18:33:37.187 | INFO     | __main__:descargar_documento:158 - Descargado: wo88876 - REGLAMENTO Interno del Centro de Tratamiento para ...
2025-08-13 18:33:37.313 | INFO     | __main__:procesar_documento:233 - Procesado: wo88876 - 9 chunks
2025-08-13 18:33:37.314 | SUCCESS  | __main__:generar_embeddings_y_subir:330 - Subido a Pinecone: wo88782 - 8 chunks
2025-08-13 18:33:37.603 | INFO     | __main__:descargar_documento:158 - Descargado: wo88884 - Reglamento Interno del Consejo Nacional de Educaci...
2025-08-13 18:33:37.622 | INFO     | __main__:procesar_documento:233 - Procesado: wo88884 - 3 chunks
2025-08-13 18:33:38.305 | SUCCESS  | __main__:generar_embeddings_y_subir:330 - Subido a Pinecone: wo88884 - 3 chunks
2025-08-13 18:33:38.466 | INFO     | __main__:descargar_documento:158 - Descargado: wo88885 - REGLAMENTO Interno del Consejo Nacional de Protecc...
2025-08-13 18:33:38.538 | INFO     | __main__:procesar_documento:233 - Procesado: wo88885 - 3 chunks
2025-08-13 18:33:39.442 | SUCCESS  | __main__:generar_embeddings_y_subir:330 - Subido a Pinecone: wo88885 - 3 chunks
2025-08-13 18:33:39.735 | INFO     | __main__:descargar_documento:158 - Descargado: wo88886 - REGLAMENTO Interno del Consejo Nacional de Traspla...
2025-08-13 18:33:39.778 | INFO     | __main__:procesar_documento:233 - Procesado: wo88886 - 4 chunks
2025-08-13 18:33:39.863 | SUCCESS  | __main__:generar_embeddings_y_subir:330 - Subido a Pinecone: wo88876 - 9 chunks
2025-08-13 18:33:40.102 | INFO     | __main__:descargar_documento:158 - Descargado: wo88878 - REGLAMENTO Interno del Comité Nacional del Program...
2025-08-13 18:33:40.128 | INFO     | __main__:procesar_documento:233 - Procesado: wo88878 - 4 chunks
2025-08-13 18:33:40.720 | SUCCESS  | __main__:generar_embeddings_y_subir:330 - Subido a Pinecone: wo88886 - 4 chunks
2025-08-13 18:33:40.854 | SUCCESS  | __main__:generar_embeddings_y_subir:330 - Subido a Pinecone: wo88878 - 4 chunks
2025-08-13 18:33:41.146 | INFO     | __main__:descargar_documento:158 - Descargado: wo88887 - REGLAMENTO Interno del Consejo Nacional de Vacunac...
2025-08-13 18:33:41.179 | INFO     | __main__:procesar_documento:233 - Procesado: wo88887 - 3 chunks
2025-08-13 18:33:41.783 | SUCCESS  | __main__:generar_embeddings_y_subir:330 - Subido a Pinecone: wo88887 - 3 chunks
2025-08-13 18:33:42.058 | INFO     | __main__:descargar_documento:158 - Descargado: wo88888 - REGLAMENTO Interno del Consejo Nacional para la Pr...
2025-08-13 18:33:42.076 | INFO     | __main__:procesar_documento:233 - Procesado: wo88888 - 3 chunks
2025-08-13 18:33:42.723 | INFO     | __main__:descargar_documento:158 - Descargado: wo88879 - REGLAMENTO INTERNO DE LA...
2025-08-13 18:33:42.774 | SUCCESS  | __main__:generar_embeddings_y_subir:330 - Subido a Pinecone: wo88888 - 3 chunks
2025-08-13 18:33:42.786 | INFO     | __main__:procesar_documento:233 - Procesado: wo88879 - 6 chunks
2025-08-13 18:33:43.196 | INFO     | __main__:descargar_documento:158 - Descargado: wo88889 - REGLAMENTO Interno del Consejo Nacional para la Pr...
2025-08-13 18:33:43.221 | INFO     | __main__:procesar_documento:233 - Procesado: wo88889 - 4 chunks
2025-08-13 18:33:43.999 | SUCCESS  | __main__:generar_embeddings_y_subir:330 - Subido a Pinecone: wo88879 - 6 chunks
2025-08-13 18:33:44.207 | INFO     | __main__:descargar_documento:158 - Descargado: wo88883 - REGLAMENTO Interno del Consejo Federal para la Mej...
2025-08-13 18:33:44.228 | SUCCESS  | __main__:generar_embeddings_y_subir:330 - Subido a Pinecone: wo88889 - 4 chunks
2025-08-13 18:33:44.245 | INFO     | __main__:procesar_documento:233 - Procesado: wo88883 - 3 chunks
2025-08-13 18:33:44.486 | INFO     | __main__:descargar_documento:158 - Descargado: wo88890 - REGLAMENTO Interno del Registro Federal de las Org...
2025-08-13 18:33:44.511 | INFO     | __main__:procesar_documento:233 - Procesado: wo88890 - 3 chunks
2025-08-13 18:33:44.823 | SUCCESS  | __main__:generar_embeddings_y_subir:330 - Subido a Pinecone: wo88883 - 3 chunks
2025-08-13 18:33:44.925 | INFO     | __main__:mostrar_progreso:365 - Progreso: 473 documentos | Descargados: 474 | Procesados: 474 | Subidos: 473 | Errores: 3
2025-08-13 18:33:45.170 | SUCCESS  | __main__:generar_embeddings_y_subir:330 - Subido a Pinecone: wo88890 - 3 chunks
2025-08-13 18:33:45.249 | INFO     | __main__:descargar_documento:158 - Descargado: wo88921 - REGLAMENTO ORGANICO DE SOCIEDAD HIPOTECARIA FEDERA...
2025-08-13 18:33:45.303 | INFO     | __main__:procesar_documento:233 - Procesado: wo88921 - 6 chunks
2025-08-13 18:33:46.553 | SUCCESS  | __main__:generar_embeddings_y_subir:330 - Subido a Pinecone: wo88921 - 6 chunks
2025-08-13 18:33:46.626 | INFO     | __main__:descargar_documento:158 - Descargado: wo88892 - REGLAMENTO INTERNO DEL TRIBUNAL ELECTORAL DEL PODE...
2025-08-13 18:33:46.838 | INFO     | __main__:procesar_documento:233 - Procesado: wo88892 - 48 chunks
2025-08-13 18:33:47.172 | INFO     | __main__:descargar_documento:158 - Descargado: wo88922 - REGLAMENTO ORGANICO DEL BANCO DEL AHORRO NACIONAL ...
2025-08-13 18:33:47.256 | INFO     | __main__:procesar_documento:233 - Procesado: wo88922 - 9 chunks
2025-08-13 18:33:49.290 | SUCCESS  | __main__:generar_embeddings_y_subir:330 - Subido a Pinecone: wo88922 - 9 chunks
2025-08-13 18:33:50.659 | INFO     | __main__:descargar_documento:158 - Descargado: wo88923 - Microsoft Word - Reglamento Orgánico Bmext 10 sep ...
2025-08-13 18:33:51.052 | INFO     | __main__:procesar_documento:233 - Procesado: wo88923 - 7 chunks
2025-08-13 18:33:53.741 | SUCCESS  | __main__:generar_embeddings_y_subir:330 - Subido a Pinecone: wo88923 - 7 chunks
2025-08-13 18:33:54.130 | INFO     | __main__:descargar_documento:158 - Descargado: wo88924 - REGLAMENTO ORGANICO DEL BANCO NACIONAL DE COMERCIO...
2025-08-13 18:33:54.175 | INFO     | __main__:procesar_documento:233 - Procesado: wo88924 - 6 chunks
2025-08-13 18:33:55.377 | SUCCESS  | __main__:generar_embeddings_y_subir:330 - Subido a Pinecone: wo88924 - 6 chunks
2025-08-13 18:33:55.649 | INFO     | __main__:descargar_documento:158 - Descargado: wo88953 - REGLAMENTO PARA EL SERVICIO DE...
2025-08-13 18:33:55.683 | INFO     | __main__:procesar_documento:233 - Procesado: wo88953 - 2 chunks
2025-08-13 18:33:56.264 | SUCCESS  | __main__:generar_embeddings_y_subir:330 - Subido a Pinecone: wo88953 - 2 chunks
2025-08-13 18:33:56.795 | INFO     | __main__:descargar_documento:158 - Descargado: wo88956 - REGLAMENTO PARA EL SORTEO PRONÓSTICOS RÁPIDOS DE P...
2025-08-13 18:33:56.814 | INFO     | __main__:procesar_documento:233 - Procesado: wo88956 - 3 chunks
2025-08-13 18:33:57.831 | SUCCESS  | __main__:generar_embeddings_y_subir:330 - Subido a Pinecone: wo88956 - 3 chunks
2025-08-13 18:33:58.276 | INFO     | __main__:descargar_documento:158 - Descargado: wo88957 - REGLAMENTO PARA EL SURTIMIENTO...
2025-08-13 18:33:58.318 | INFO     | __main__:procesar_documento:233 - Procesado: wo88957 - 5 chunks
2025-08-13 18:34:02.135 | SUCCESS  | __main__:generar_embeddings_y_subir:330 - Subido a Pinecone: wo88892 - 48 chunks
2025-08-13 18:34:02.387 | SUCCESS  | __main__:generar_embeddings_y_subir:330 - Subido a Pinecone: wo88957 - 5 chunks
2025-08-13 18:34:02.517 | INFO     | __main__:descargar_documento:158 - Descargado: wo88897 - REGLAMENTO ORGANICO DE FINANCIERA NACIONAL AZUCARE...
2025-08-13 18:34:02.556 | INFO     | __main__:procesar_documento:233 - Procesado: wo88897 - 6 chunks
2025-08-13 18:34:02.935 | INFO     | __main__:descargar_documento:158 - Descargado: wo88958 - REGLAMENTO PARA EL TRÁMITE Y...
2025-08-13 18:34:02.968 | INFO     | __main__:procesar_documento:233 - Procesado: wo88958 - 5 chunks
2025-08-13 18:34:04.073 | SUCCESS  | __main__:generar_embeddings_y_subir:330 - Subido a Pinecone: wo88897 - 6 chunks
2025-08-13 18:34:04.260 | SUCCESS  | __main__:generar_embeddings_y_subir:330 - Subido a Pinecone: wo88958 - 5 chunks
2025-08-13 18:34:04.670 | INFO     | __main__:descargar_documento:158 - Descargado: wo88959 - REGLAMENTO DE PARA EL TRANSPORTE MULTIMODAL INTERN...
2025-08-13 18:34:04.733 | INFO     | __main__:procesar_documento:233 - Procesado: wo88959 - 3 chunks
2025-08-13 18:34:05.606 | SUCCESS  | __main__:generar_embeddings_y_subir:330 - Subido a Pinecone: wo88959 - 3 chunks
2025-08-13 18:34:08.411 | INFO     | __main__:descargar_documento:158 - Descargado: wo88960 - REGLAMENTO PARA EL TRANSPORTE TERRESTRE DE MATERIA...
2025-08-13 18:34:08.619 | INFO     | __main__:procesar_documento:233 - Procesado: wo88960 - 17 chunks
2025-08-13 18:34:08.881 | INFO     | __main__:descargar_documento:158 - Descargado: wo88920 - REGLAMENTO ORGÁNlCO...
2025-08-13 18:34:10.000 | INFO     | __main__:procesar_documento:233 - Procesado: wo88920 - 6 chunks
2025-08-13 18:34:12.714 | SUCCESS  | __main__:generar_embeddings_y_subir:330 - Subido a Pinecone: wo88920 - 6 chunks
2025-08-13 18:34:13.486 | INFO     | __main__:descargar_documento:158 - Descargado: wo88961 - REGLAMENTO PARA EL USO DEL TEATRO DEL...
2025-08-13 18:34:13.534 | INFO     | __main__:procesar_documento:233 - Procesado: wo88961 - 3 chunks
2025-08-13 18:34:14.484 | SUCCESS  | __main__:generar_embeddings_y_subir:330 - Subido a Pinecone: wo88961 - 3 chunks
2025-08-13 18:34:14.644 | SUCCESS  | __main__:generar_embeddings_y_subir:330 - Subido a Pinecone: wo88960 - 17 chunks
2025-08-13 18:34:15.503 | INFO     | __main__:descargar_documento:158 - Descargado: wo88981 - REGLAMENTO PARA LA ESCUELA MEDICO...
2025-08-13 18:34:15.570 | INFO     | __main__:procesar_documento:233 - Procesado: wo88981 - 4 chunks
2025-08-13 18:34:15.871 | INFO     | __main__:descargar_documento:158 - Descargado: wo88962 - REGLAMENTO PARA EL USO Y APROVECHAMIENTO DEL MAR T...
2025-08-13 18:34:15.982 | INFO     | __main__:procesar_documento:233 - Procesado: wo88962 - 11 chunks
2025-08-13 18:34:16.373 | SUCCESS  | __main__:generar_embeddings_y_subir:330 - Subido a Pinecone: wo88981 - 4 chunks
2025-08-13 18:34:17.706 | INFO     | __main__:descargar_documento:158 - Descargado: wo88982 - REGLAMENTO PARA LA EXPEDICIÓN DE PERMISOS, LICENCI...
2025-08-13 18:34:17.920 | INFO     | __main__:procesar_documento:233 - Procesado: wo88982 - 22 chunks
2025-08-13 18:34:18.362 | SUCCESS  | __main__:generar_embeddings_y_subir:330 - Subido a Pinecone: wo88962 - 11 chunks
2025-08-13 18:34:18.717 | INFO     | __main__:descargar_documento:158 - Descargado: wo88964 - REGLAMENTO PARA EL USO, EXPLOTACIÓN Y APROVECHAMIE...
2025-08-13 18:34:18.752 | INFO     | __main__:procesar_documento:233 - Procesado: wo88964 - 4 chunks
2025-08-13 18:34:20.338 | SUCCESS  | __main__:generar_embeddings_y_subir:330 - Subido a Pinecone: wo88964 - 4 chunks
2025-08-13 18:34:20.879 | INFO     | __main__:descargar_documento:158 - Descargado: wo88967 - Reglamento para la Autorización de Uso de Denomina...
2025-08-13 18:34:20.905 | INFO     | __main__:procesar_documento:233 - Procesado: wo88967 - 5 chunks
2025-08-13 18:34:22.254 | SUCCESS  | __main__:generar_embeddings_y_subir:330 - Subido a Pinecone: wo88967 - 5 chunks
2025-08-13 18:34:22.911 | INFO     | __main__:descargar_documento:158 - Descargado: wo88980 - REGLAMENTO PARA LA EDUCACION...
2025-08-13 18:34:22.920 | INFO     | __main__:procesar_documento:233 - Procesado: wo88980 - 1 chunks
2025-08-13 18:34:23.152 | SUCCESS  | __main__:generar_embeddings_y_subir:330 - Subido a Pinecone: wo88980 - 1 chunks
2025-08-13 18:34:23.698 | INFO     | __main__:descargar_documento:158 - Descargado: wo88990 - REGLAMENTO SOBRE PROMOCIONES Y OFERTAS...
2025-08-13 18:34:23.725 | INFO     | __main__:procesar_documento:233 - Procesado: wo88990 - 3 chunks
2025-08-13 18:34:24.995 | SUCCESS  | __main__:generar_embeddings_y_subir:330 - Subido a Pinecone: wo88990 - 3 chunks
2025-08-13 18:34:25.255 | INFO     | __main__:descargar_documento:158 - Descargado: wo88995 - REGLAMENTO PARA LA OPERACION DE...
2025-08-13 18:34:25.271 | INFO     | __main__:procesar_documento:233 - Procesado: wo88995 - 3 chunks
2025-08-13 18:34:25.951 | SUCCESS  | __main__:generar_embeddings_y_subir:330 - Subido a Pinecone: wo88995 - 3 chunks
2025-08-13 18:34:26.373 | INFO     | __main__:descargar_documento:158 - Descargado: wo88996 - REGLAMENTO PARA LA OPERACION DEL ORGANISMO SERVICI...
2025-08-13 18:34:26.424 | INFO     | __main__:procesar_documento:233 - Procesado: wo88996 - 5 chunks
2025-08-13 18:34:26.659 | SUCCESS  | __main__:generar_embeddings_y_subir:330 - Subido a Pinecone: wo88982 - 22 chunks
2025-08-13 18:34:27.271 | INFO     | __main__:descargar_documento:158 - Descargado: wo88983 - REGLAMENTO PARA LA EXPEDICIÓN DE TARJETAS DE IDENT...
2025-08-13 18:34:27.456 | INFO     | __main__:procesar_documento:233 - Procesado: wo88983 - 2 chunks
2025-08-13 18:34:27.943 | SUCCESS  | __main__:generar_embeddings_y_subir:330 - Subido a Pinecone: wo88983 - 2 chunks
2025-08-13 18:34:28.227 | SUCCESS  | __main__:generar_embeddings_y_subir:330 - Subido a Pinecone: wo88996 - 5 chunks
2025-08-13 18:34:28.405 | INFO     | __main__:descargar_documento:158 - Descargado: wo88987 - REGLAMENTO TIPO QUE DEBERAN ADOPTAR LOS ADMINISTRA...
2025-08-13 18:34:28.448 | INFO     | __main__:procesar_documento:233 - Procesado: wo88987 - 5 chunks
2025-08-13 18:34:28.601 | INFO     | __main__:descargar_documento:158 - Descargado: wo88997 - REGLAMENTO PARA LA ORGANIZACION DE SERVICIOS DE ED...
2025-08-13 18:34:28.612 | INFO     | __main__:procesar_documento:233 - Procesado: wo88997 - 2 chunks
2025-08-13 18:34:29.229 | SUCCESS  | __main__:generar_embeddings_y_subir:330 - Subido a Pinecone: wo88997 - 2 chunks
2025-08-13 18:34:30.439 | INFO     | __main__:descargar_documento:158 - Descargado: wo88999 - REGLAMENTO PARA LA ORGANIZACIÓN Y FUNCIONAMIENTO D...
2025-08-13 18:34:30.686 | INFO     | __main__:procesar_documento:233 - Procesado: wo88999 - 3 chunks
2025-08-13 18:34:31.772 | SUCCESS  | __main__:generar_embeddings_y_subir:330 - Subido a Pinecone: wo88999 - 3 chunks
2025-08-13 18:34:31.874 | INFO     | __main__:mostrar_progreso:365 - Progreso: 500 documentos | Descargados: 501 | Procesados: 501 | Subidos: 500 | Errores: 3
2025-08-13 18:34:32.371 | INFO     | __main__:descargar_documento:158 - Descargado: wo88925 - REGLAMENTO ORGANICO DEL BANCO NACIONAL DE OBRAS Y ...
2025-08-13 18:34:32.409 | INFO     | __main__:procesar_documento:233 - Procesado: wo88925 - 6 chunks
2025-08-13 18:34:32.748 | SUCCESS  | __main__:generar_embeddings_y_subir:330 - Subido a Pinecone: wo88987 - 5 chunks
2025-08-13 18:34:33.165 | INFO     | __main__:descargar_documento:158 - Descargado: wo88988 - REGLAMENTO SOBRE PUBLICACIONES Y REVISTAS ILUSTRAD...
2025-08-13 18:34:33.184 | INFO     | __main__:procesar_documento:233 - Procesado: wo88988 - 3 chunks
2025-08-13 18:34:33.784 | SUCCESS  | __main__:generar_embeddings_y_subir:330 - Subido a Pinecone: wo88988 - 3 chunks
2025-08-13 18:34:35.631 | INFO     | __main__:descargar_documento:158 - Descargado: wo88949 - Reglamento para el Gobierno Interior del Congreso ...
2025-08-13 18:34:35.786 | INFO     | __main__:procesar_documento:233 - Procesado: wo88949 - 20 chunks
2025-08-13 18:34:39.095 | SUCCESS  | __main__:generar_embeddings_y_subir:330 - Subido a Pinecone: wo88949 - 20 chunks
2025-08-13 18:34:39.645 | INFO     | __main__:descargar_documento:158 - Descargado: wo89000 - REGLAMENTO PARA LA PRESTACIÓN DE LOS SERVICIOS DE ...
2025-08-13 18:34:39.681 | INFO     | __main__:procesar_documento:233 - Procesado: wo89000 - 4 chunks
2025-08-13 18:34:40.446 | SUCCESS  | __main__:generar_embeddings_y_subir:330 - Subido a Pinecone: wo89000 - 4 chunks
2025-08-13 18:34:41.526 | INFO     | __main__:descargar_documento:158 - Descargado: wo89004 - Reglamento para la Tramitación de los Procedimient...
2025-08-13 18:34:41.608 | INFO     | __main__:procesar_documento:233 - Procesado: wo89004 - 10 chunks
2025-08-13 18:34:42.152 | SUCCESS  | __main__:generar_embeddings_y_subir:330 - Subido a Pinecone: wo88925 - 6 chunks
2025-08-13 18:34:42.694 | INFO     | __main__:descargar_documento:158 - Descargado: wo88932 - REGLAMENTO PARA EL CURSO DE INSTRUCCION DE GUARDIA...
2025-08-13 18:34:42.741 | INFO     | __main__:procesar_documento:233 - Procesado: wo88932 - 5 chunks
2025-08-13 18:34:43.730 | SUCCESS  | __main__:generar_embeddings_y_subir:330 - Subido a Pinecone: wo88932 - 5 chunks
2025-08-13 18:34:43.774 | SUCCESS  | __main__:generar_embeddings_y_subir:330 - Subido a Pinecone: wo89004 - 10 chunks
2025-08-13 18:34:44.148 | INFO     | __main__:descargar_documento:158 - Descargado: wo88934 - REGLAMENTO PARA EL APROVECHAMIENTO DEL DERECHO DE ...
2025-08-13 18:34:44.211 | INFO     | __main__:procesar_documento:233 - Procesado: wo88934 - 6 chunks
2025-08-13 18:34:44.481 | INFO     | __main__:descargar_documento:158 - Descargado: wo89006 - REGLAMENTO PARA PREVENIR Y CONTROLAR LA CONTAMINAC...
2025-08-13 18:34:44.546 | INFO     | __main__:procesar_documento:233 - Procesado: wo89006 - 5 chunks
2025-08-13 18:34:45.602 | SUCCESS  | __main__:generar_embeddings_y_subir:330 - Subido a Pinecone: wo88934 - 6 chunks
2025-08-13 18:34:45.684 | SUCCESS  | __main__:generar_embeddings_y_subir:330 - Subido a Pinecone: wo89006 - 5 chunks
2025-08-13 18:34:45.791 | INFO     | __main__:descargar_documento:158 - Descargado: wo88935 - REGLAMENTO PARA EL ARCHIVO GENERAL DE LA SECRETARI...
2025-08-13 18:34:45.830 | INFO     | __main__:procesar_documento:233 - Procesado: wo88935 - 2 chunks
2025-08-13 18:34:45.897 | INFO     | __main__:descargar_documento:158 - Descargado: wo89007 - REGLAMENTO POR EL QUE SE ESTABLECEN LAS BASES PARA...
2025-08-13 18:34:45.918 | INFO     | __main__:procesar_documento:233 - Procesado: wo89007 - 2 chunks
2025-08-13 18:34:46.409 | SUCCESS  | __main__:generar_embeddings_y_subir:330 - Subido a Pinecone: wo89007 - 2 chunks
2025-08-13 18:34:46.708 | INFO     | __main__:descargar_documento:158 - Descargado: wo89012 - REGLAMENTO QUE NORMA LAS ACTIVIDADES DE LOS PERITO...
2025-08-13 18:34:46.752 | INFO     | __main__:procesar_documento:233 - Procesado: wo89012 - 3 chunks
2025-08-13 18:34:46.851 | SUCCESS  | __main__:generar_embeddings_y_subir:330 - Subido a Pinecone: wo88935 - 2 chunks
2025-08-13 18:34:47.335 | INFO     | __main__:descargar_documento:158 - Descargado: wo88947 - REGLAMENTO PARA EL FINANCIAMIENTO PUBLICO DE LAS A...
2025-08-13 18:34:47.393 | INFO     | __main__:procesar_documento:233 - Procesado: wo88947 - 9 chunks
2025-08-13 18:34:47.541 | SUCCESS  | __main__:generar_embeddings_y_subir:330 - Subido a Pinecone: wo89012 - 3 chunks
2025-08-13 18:34:47.960 | INFO     | __main__:descargar_documento:158 - Descargado: wo89013 - REGLAMENTO SOBRE EL PESO, DIMENSIONES Y CAPACIDAD ...
2025-08-13 18:34:48.054 | INFO     | __main__:procesar_documento:233 - Procesado: wo89013 - 5 chunks
2025-08-13 18:34:49.289 | SUCCESS  | __main__:generar_embeddings_y_subir:330 - Subido a Pinecone: wo89013 - 5 chunks
2025-08-13 18:34:49.458 | INFO     | __main__:descargar_documento:158 - Descargado: wo89014 - ACUERDO del Consejo Consultivo de la Comisión Naci...
2025-08-13 18:34:49.511 | INFO     | __main__:procesar_documento:233 - Procesado: wo89014 - 3 chunks
2025-08-13 18:34:49.695 | SUCCESS  | __main__:generar_embeddings_y_subir:330 - Subido a Pinecone: wo88947 - 9 chunks
2025-08-13 18:34:49.998 | INFO     | __main__:descargar_documento:158 - Descargado: wo89022 - REGLAMENTO PARA LA CONTINUACION...
2025-08-13 18:34:50.035 | INFO     | __main__:procesar_documento:233 - Procesado: wo89022 - 4 chunks
2025-08-13 18:34:50.233 | SUCCESS  | __main__:generar_embeddings_y_subir:330 - Subido a Pinecone: wo89014 - 3 chunks
2025-08-13 18:34:50.459 | INFO     | __main__:descargar_documento:158 - Descargado: wo89015 - REGLAMENTO SOBRE LAS INSTITUCIONES NACIONALES Y OR...
2025-08-13 18:34:50.492 | INFO     | __main__:procesar_documento:233 - Procesado: wo89015 - 3 chunks
2025-08-13 18:34:50.763 | SUCCESS  | __main__:generar_embeddings_y_subir:330 - Subido a Pinecone: wo89022 - 4 chunks
2025-08-13 18:34:51.722 | SUCCESS  | __main__:generar_embeddings_y_subir:330 - Subido a Pinecone: wo89015 - 3 chunks
2025-08-13 18:34:51.899 | INFO     | __main__:descargar_documento:158 - Descargado: wo93536 - REGLAMENTO DEL CÓDIGO...
2025-08-13 18:34:52.033 | INFO     | __main__:procesar_documento:233 - Procesado: wo93536 - 23 chunks
2025-08-13 18:34:52.603 | INFO     | __main__:descargar_documento:158 - Descargado: wo89017 - REGLAMENTO DE LA ESCUELA MEDICO NAVAL...
2025-08-13 18:34:52.725 | INFO     | __main__:procesar_documento:233 - Procesado: wo89017 - 10 chunks
2025-08-13 18:34:56.193 | SUCCESS  | __main__:generar_embeddings_y_subir:330 - Subido a Pinecone: wo89017 - 10 chunks
2025-08-13 18:34:56.808 | SUCCESS  | __main__:generar_embeddings_y_subir:330 - Subido a Pinecone: wo93536 - 23 chunks
2025-08-13 18:34:57.708 | INFO     | __main__:descargar_documento:158 - Descargado: wo94137 - LEY REGLAMENTARIA DEL...
2025-08-13 18:34:58.049 | INFO     | __main__:descargar_documento:158 - Descargado: wo99700 - REGLAMENTO DE LAS...
2025-08-13 18:34:58.107 | INFO     | __main__:procesar_documento:233 - Procesado: wo94137 - 9 chunks
2025-08-13 18:34:58.160 | INFO     | __main__:procesar_documento:233 - Procesado: wo99700 - 15 chunks
2025-08-13 18:34:59.991 | SUCCESS  | __main__:generar_embeddings_y_subir:330 - Subido a Pinecone: wo94137 - 9 chunks
2025-08-13 18:35:00.380 | INFO     | __main__:descargar_documento:158 - Descargado: wo95867 - REGLAMENTO DE LOS...
2025-08-13 18:35:00.405 | INFO     | __main__:procesar_documento:233 - Procesado: wo95867 - 4 chunks
2025-08-13 18:35:01.110 | SUCCESS  | __main__:generar_embeddings_y_subir:330 - Subido a Pinecone: wo95867 - 4 chunks
2025-08-13 18:35:01.187 | SUCCESS  | __main__:generar_embeddings_y_subir:330 - Subido a Pinecone: wo99700 - 15 chunks
2025-08-13 18:35:01.935 | INFO     | __main__:descargar_documento:158 - Descargado: wo96284 - REGLAMENTO GENERAL DE...
2025-08-13 18:35:02.017 | INFO     | __main__:procesar_documento:233 - Procesado: wo96284 - 13 chunks
2025-08-13 18:35:02.121 | INFO     | __main__:descargar_documento:158 - Descargado: wo99938 - REGLAMENTO INTERNO DE LA COMISIÓN REGULADORA DE EN...
2025-08-13 18:35:02.255 | INFO     | __main__:procesar_documento:233 - Procesado: wo99938 - 18 chunks
2025-08-13 18:35:06.714 | SUCCESS  | __main__:generar_embeddings_y_subir:330 - Subido a Pinecone: wo96284 - 13 chunks
2025-08-13 18:35:06.816 | INFO     | __main__:mostrar_progreso:365 - Progreso: 523 documentos | Descargados: 524 | Procesados: 524 | Subidos: 523 | Errores: 3
2025-08-13 18:35:06.842 | SUCCESS  | __main__:generar_embeddings_y_subir:330 - Subido a Pinecone: wo99938 - 18 chunks
2025-08-13 18:35:09.246 | INFO     | __main__:descargar_documento:158 - Descargado: wo7 - ACUERDO mediante el cual se expide el Manual de Pe...
2025-08-13 18:35:09.395 | INFO     | __main__:procesar_documento:233 - Procesado: wo7 - 22 chunks
2025-08-13 18:35:13.042 | SUCCESS  | __main__:generar_embeddings_y_subir:330 - Subido a Pinecone: wo7 - 22 chunks
2025-08-13 18:35:13.115 | INFO     | __main__:descargar_documento:158 - Descargado: wo14166 - DECRETO por el que se declara reformado el artícul...
2025-08-13 18:35:13.928 | INFO     | __main__:descargar_documento:158 - Descargado: wo88678 - ACUERDO 45...
2025-08-13 18:35:14.265 | INFO     | __main__:procesar_documento:233 - Procesado: wo88678 - 12 chunks
2025-08-13 18:35:14.518 | INFO     | __main__:procesar_documento:233 - Procesado: wo14166 - 179 chunks
2025-08-13 18:35:17.202 | SUCCESS  | __main__:generar_embeddings_y_subir:330 - Subido a Pinecone: wo88678 - 12 chunks
2025-08-13 18:35:17.439 | INFO     | __main__:descargar_documento:158 - Descargado: wo88893 - ACUERDO DE COORDINACIÓN PARA LA ASIGNACIÓN Y OPERA...
2025-08-13 18:35:17.486 | INFO     | __main__:procesar_documento:233 - Procesado: wo88893 - 6 chunks
2025-08-13 18:35:18.781 | SUCCESS  | __main__:generar_embeddings_y_subir:330 - Subido a Pinecone: wo88893 - 6 chunks
2025-08-13 18:35:20.007 | INFO     | __main__:descargar_documento:158 - Descargado: wo88951 - FELIPE DE JESÚS CALDERÓN HINOJOSA, Presidente de l...
2025-08-13 18:35:20.164 | INFO     | __main__:procesar_documento:233 - Procesado: wo88951 - 16 chunks
2025-08-13 18:35:24.079 | SUCCESS  | __main__:generar_embeddings_y_subir:330 - Subido a Pinecone: wo88951 - 16 chunks
2025-08-13 18:35:25.510 | INFO     | __main__:descargar_documento:158 - Descargado: wo88955 - VICENTE FOX QUESADA, Presidente de los Estados Uni...
2025-08-13 18:35:25.935 | INFO     | __main__:procesar_documento:233 - Procesado: wo88955 - 31 chunks
2025-08-13 18:35:32.484 | SUCCESS  | __main__:generar_embeddings_y_subir:330 - Subido a Pinecone: wo88955 - 31 chunks
2025-08-13 18:35:41.349 | INFO     | __main__:descargar_documento:158 - Descargado: wo56 - CÓDIGO FISCAL DE LA...
2025-08-13 18:35:42.514 | INFO     | __main__:procesar_documento:233 - Procesado: wo56 - 192 chunks
2025-08-13 18:35:51.096 | SUCCESS  | __main__:generar_embeddings_y_subir:330 - Subido a Pinecone: wo14166 - 179 chunks
2025-08-13 18:35:51.757 | INFO     | __main__:descargar_documento:158 - Descargado: wo88591 - FELIPE DE JESÚS CALDERÓN HINOJOSA, Presidente de l...
2025-08-13 18:35:51.793 | INFO     | __main__:procesar_documento:233 - Procesado: wo88591 - 6 chunks
2025-08-13 18:35:53.373 | SUCCESS  | __main__:generar_embeddings_y_subir:330 - Subido a Pinecone: wo88591 - 6 chunks
2025-08-13 18:35:54.108 | INFO     | __main__:descargar_documento:158 - Descargado: wo88638 - LA CÁMARA DE DIPUTADOS CON FUNDAMENTO EN LA FRACCI...
2025-08-13 18:35:54.235 | INFO     | __main__:procesar_documento:233 - Procesado: wo88638 - 15 chunks
2025-08-13 18:35:57.094 | SUCCESS  | __main__:generar_embeddings_y_subir:330 - Subido a Pinecone: wo88638 - 15 chunks
2025-08-13 18:35:58.383 | INFO     | __main__:descargar_documento:158 - Descargado: wo88773 - FELIPE DE JESÚS CALDERÓN HINOJOSA, Presidente de l...
2025-08-13 18:35:58.527 | INFO     | __main__:procesar_documento:233 - Procesado: wo88773 - 31 chunks
2025-08-13 18:36:03.522 | SUCCESS  | __main__:generar_embeddings_y_subir:330 - Subido a Pinecone: wo88773 - 31 chunks
2025-08-13 18:36:04.209 | INFO     | __main__:descargar_documento:158 - Descargado: wo88950 - FELIPE DE JESÚS CALDERÓN HINOJOSA, Presidente de l...
2025-08-13 18:36:04.282 | INFO     | __main__:procesar_documento:233 - Procesado: wo88950 - 9 chunks
2025-08-13 18:36:05.565 | SUCCESS  | __main__:generar_embeddings_y_subir:330 - Subido a Pinecone: wo88950 - 9 chunks
2025-08-13 18:36:05.885 | INFO     | __main__:descargar_documento:158 - Descargado: wo49 - SECRETARIA DE HACIENDA Y CREDITO PUBLICO...
2025-08-13 18:36:05.917 | INFO     | __main__:procesar_documento:233 - Procesado: wo49 - 3 chunks
2025-08-13 18:36:06.600 | SUCCESS  | __main__:generar_embeddings_y_subir:330 - Subido a Pinecone: wo49 - 3 chunks
2025-08-13 18:36:10.943 | INFO     | __main__:descargar_documento:158 - Descargado: wo3 - Documento Federal wo3...
2025-08-13 18:36:11.966 | INFO     | __main__:procesar_documento:233 - Procesado: wo3 - 103 chunks
2025-08-13 18:36:13.584 | SUCCESS  | __main__:generar_embeddings_y_subir:330 - Subido a Pinecone: wo56 - 192 chunks
2025-08-13 18:36:14.252 | INFO     | __main__:descargar_documento:158 - Descargado: wo34 - Documento Federal wo34...
2025-08-13 18:36:14.401 | INFO     | __main__:procesar_documento:233 - Procesado: wo34 - 14 chunks
2025-08-13 18:36:16.949 | SUCCESS  | __main__:generar_embeddings_y_subir:330 - Subido a Pinecone: wo34 - 14 chunks
2025-08-13 18:36:20.186 | INFO     | __main__:descargar_documento:158 - Descargado: wo39 - Documento Federal wo39...
2025-08-13 18:36:20.674 | INFO     | __main__:procesar_documento:233 - Procesado: wo39 - 78 chunks
2025-08-13 18:36:34.815 | SUCCESS  | __main__:generar_embeddings_y_subir:330 - Subido a Pinecone: wo39 - 78 chunks
2025-08-13 18:36:39.873 | INFO     | __main__:descargar_documento:158 - Descargado: wo18 - Al margen un sello con el Escudo Nacional, que dic...
2025-08-13 18:36:40.052 | INFO     | __main__:procesar_documento:233 - Procesado: wo18 - 28 chunks
2025-08-13 18:36:40.338 | SUCCESS  | __main__:generar_embeddings_y_subir:330 - Subido a Pinecone: wo3 - 103 chunks
2025-08-13 18:36:42.343 | INFO     | __main__:descargar_documento:158 - Descargado: wo8 - Al margen un sello con el Escudo Nacional, que dic...
2025-08-13 18:36:42.508 | INFO     | __main__:procesar_documento:233 - Procesado: wo8 - 19 chunks
2025-08-13 18:36:46.868 | SUCCESS  | __main__:generar_embeddings_y_subir:330 - Subido a Pinecone: wo18 - 28 chunks
2025-08-13 18:36:48.795 | SUCCESS  | __main__:generar_embeddings_y_subir:330 - Subido a Pinecone: wo8 - 19 chunks
2025-08-13 18:36:49.090 | INFO     | __main__:descargar_documento:158 - Descargado: wo5434 - Documento Federal wo5434...
2025-08-13 18:36:49.240 | INFO     | __main__:procesar_documento:233 - Procesado: wo5434 - 18 chunks
2025-08-13 18:36:50.007 | INFO     | __main__:descargar_documento:158 - Descargado: wo15 - Al margen un sello con el Escudo Nacional, que dic...
2025-08-13 18:36:50.130 | INFO     | __main__:procesar_documento:233 - Procesado: wo15 - 17 chunks
2025-08-13 18:36:54.015 | SUCCESS  | __main__:generar_embeddings_y_subir:330 - Subido a Pinecone: wo5434 - 18 chunks
2025-08-13 18:36:54.393 | INFO     | __main__:descargar_documento:158 - Descargado: wo5438 - PODER EJECUTIVO...
2025-08-13 18:36:54.424 | INFO     | __main__:procesar_documento:233 - Procesado: wo5438 - 4 chunks
2025-08-13 18:36:55.302 | SUCCESS  | __main__:generar_embeddings_y_subir:330 - Subido a Pinecone: wo5438 - 4 chunks
2025-08-13 18:36:55.898 | SUCCESS  | __main__:generar_embeddings_y_subir:330 - Subido a Pinecone: wo15 - 17 chunks
2025-08-13 18:36:57.800 | INFO     | __main__:descargar_documento:158 - Descargado: wo6027 - Documento Federal wo6027...
2025-08-13 18:36:58.005 | INFO     | __main__:procesar_documento:233 - Procesado: wo6027 - 27 chunks
2025-08-13 18:37:00.607 | INFO     | __main__:descargar_documento:158 - Descargado: wo16 - Al margen un sello con el Escudo Nacional, que dic...
2025-08-13 18:37:01.181 | INFO     | __main__:procesar_documento:233 - Procesado: wo16 - 55 chunks
2025-08-13 18:37:03.125 | SUCCESS  | __main__:generar_embeddings_y_subir:330 - Subido a Pinecone: wo6027 - 27 chunks
2025-08-13 18:37:04.318 | INFO     | __main__:descargar_documento:158 - Descargado: wo8266 - Al margen un sello con el Escudo Nacional, que dic...
2025-08-13 18:37:04.381 | INFO     | __main__:procesar_documento:233 - Procesado: wo8266 - 4 chunks
2025-08-13 18:37:05.297 | SUCCESS  | __main__:generar_embeddings_y_subir:330 - Subido a Pinecone: wo8266 - 4 chunks
2025-08-13 18:37:06.492 | INFO     | __main__:descargar_documento:158 - Descargado: wo9058 - Documento Federal wo9058...
2025-08-13 18:37:06.631 | INFO     | __main__:procesar_documento:233 - Procesado: wo9058 - 16 chunks
2025-08-13 18:37:09.194 | SUCCESS  | __main__:generar_embeddings_y_subir:330 - Subido a Pinecone: wo9058 - 16 chunks
2025-08-13 18:37:10.336 | SUCCESS  | __main__:generar_embeddings_y_subir:330 - Subido a Pinecone: wo16 - 55 chunks
2025-08-13 18:37:10.438 | INFO     | __main__:mostrar_progreso:365 - Progreso: 548 documentos | Descargados: 548 | Procesados: 548 | Subidos: 548 | Errores: 3
2025-08-13 18:37:10.678 | INFO     | __main__:descargar_documento:158 - Descargado: wo9061 - Documento Federal wo9061...
2025-08-13 18:37:10.754 | INFO     | __main__:procesar_documento:233 - Procesado: wo9061 - 7 chunks
2025-08-13 18:37:11.547 | INFO     | __main__:descargar_documento:158 - Descargado: wo13208 - Al margen un sello con el Escudo Nacional, que dic...
2025-08-13 18:37:11.681 | INFO     | __main__:procesar_documento:233 - Procesado: wo13208 - 11 chunks
2025-08-13 18:37:11.835 | SUCCESS  | __main__:generar_embeddings_y_subir:330 - Subido a Pinecone: wo9061 - 7 chunks
2025-08-13 18:37:12.378 | INFO     | __main__:descargar_documento:158 - Descargado: wo11036 - Al margen un sello con el Escudo Nacional, que dic...
2025-08-13 18:37:12.530 | INFO     | __main__:procesar_documento:233 - Procesado: wo11036 - 13 chunks
2025-08-13 18:37:13.374 | SUCCESS  | __main__:generar_embeddings_y_subir:330 - Subido a Pinecone: wo13208 - 11 chunks
2025-08-13 18:37:13.782 | INFO     | __main__:descargar_documento:158 - Descargado: wo13216 - Documento Federal wo13216...
2025-08-13 18:37:13.876 | INFO     | __main__:procesar_documento:233 - Procesado: wo13216 - 7 chunks
2025-08-13 18:37:14.372 | SUCCESS  | __main__:generar_embeddings_y_subir:330 - Subido a Pinecone: wo11036 - 13 chunks
2025-08-13 18:37:14.843 | SUCCESS  | __main__:generar_embeddings_y_subir:330 - Subido a Pinecone: wo13216 - 7 chunks
2025-08-13 18:37:15.272 | INFO     | __main__:descargar_documento:158 - Descargado: wo13625 - EXTRACTO de la solicitud de registro constitutivo ...
2025-08-13 18:37:15.320 | INFO     | __main__:procesar_documento:233 - Procesado: wo13625 - 4 chunks
2025-08-13 18:37:15.663 | INFO     | __main__:descargar_documento:158 - Descargado: wo12917 - Al margen un sello con el Escudo Nacional, que dic...
2025-08-13 18:37:15.935 | SUCCESS  | __main__:generar_embeddings_y_subir:330 - Subido a Pinecone: wo13625 - 4 chunks
2025-08-13 18:37:15.948 | INFO     | __main__:procesar_documento:233 - Procesado: wo12917 - 39 chunks
2025-08-13 18:37:21.666 | INFO     | __main__:descargar_documento:158 - Descargado: wo13235 - Documento Federal wo13235...
2025-08-13 18:37:22.339 | SUCCESS  | __main__:generar_embeddings_y_subir:330 - Subido a Pinecone: wo12917 - 39 chunks
2025-08-13 18:37:22.639 | INFO     | __main__:procesar_documento:233 - Procesado: wo13235 - 86 chunks
2025-08-13 18:37:22.941 | INFO     | __main__:descargar_documento:158 - Descargado: wo13102 - Al margen un sello con el Escudo Nacional, que dic...
2025-08-13 18:37:23.020 | INFO     | __main__:procesar_documento:233 - Procesado: wo13102 - 7 chunks
2025-08-13 18:37:25.982 | SUCCESS  | __main__:generar_embeddings_y_subir:330 - Subido a Pinecone: wo13102 - 7 chunks
2025-08-13 18:37:31.826 | INFO     | __main__:descargar_documento:158 - Descargado: wo15305 - Documento Federal wo15305...
2025-08-13 18:37:32.453 | INFO     | __main__:procesar_documento:233 - Procesado: wo15305 - 35 chunks
2025-08-13 18:37:39.017 | SUCCESS  | __main__:generar_embeddings_y_subir:330 - Subido a Pinecone: wo15305 - 35 chunks
2025-08-13 18:37:39.250 | SUCCESS  | __main__:generar_embeddings_y_subir:330 - Subido a Pinecone: wo13235 - 86 chunks
2025-08-13 18:37:39.414 | INFO     | __main__:descargar_documento:158 - Descargado: wo15604 - Documento Federal wo15604...
2025-08-13 18:37:39.437 | INFO     | __main__:procesar_documento:233 - Procesado: wo15604 - 3 chunks
2025-08-13 18:37:39.961 | SUCCESS  | __main__:generar_embeddings_y_subir:330 - Subido a Pinecone: wo15604 - 3 chunks
2025-08-13 18:37:40.677 | INFO     | __main__:descargar_documento:158 - Descargado: wo16991 - Al margen un sello con el Escudo Nacional, que dic...
2025-08-13 18:37:40.733 | INFO     | __main__:procesar_documento:233 - Procesado: wo16991 - 4 chunks
2025-08-13 18:37:40.976 | INFO     | __main__:descargar_documento:158 - Descargado: wo14640 - Al margen un sello con el Escudo Nacional, que dic...
2025-08-13 18:37:41.270 | INFO     | __main__:procesar_documento:233 - Procesado: wo14640 - 33 chunks
2025-08-13 18:37:41.403 | SUCCESS  | __main__:generar_embeddings_y_subir:330 - Subido a Pinecone: wo16991 - 4 chunks
2025-08-13 18:37:42.016 | INFO     | __main__:descargar_documento:158 - Descargado: wo16942 - Al margen un sello con el Escudo Nacional, que dic...
2025-08-13 18:37:42.132 | INFO     | __main__:procesar_documento:233 - Procesado: wo16942 - 6 chunks
2025-08-13 18:37:43.324 | SUCCESS  | __main__:generar_embeddings_y_subir:330 - Subido a Pinecone: wo16942 - 6 chunks
2025-08-13 18:37:44.534 | INFO     | __main__:descargar_documento:158 - Descargado: wo17108 - Documento Federal wo17108...
2025-08-13 18:37:44.720 | INFO     | __main__:procesar_documento:233 - Procesado: wo17108 - 23 chunks
2025-08-13 18:37:46.726 | SUCCESS  | __main__:generar_embeddings_y_subir:330 - Subido a Pinecone: wo14640 - 33 chunks
2025-08-13 18:37:47.048 | INFO     | __main__:descargar_documento:158 - Descargado: wo17157 - AGENCIA DE NOTICIAS DEL ESTADO MEXICANO...
2025-08-13 18:37:47.120 | INFO     | __main__:procesar_documento:233 - Procesado: wo17157 - 10 chunks
2025-08-13 18:37:49.340 | SUCCESS  | __main__:generar_embeddings_y_subir:330 - Subido a Pinecone: wo17157 - 10 chunks
2025-08-13 18:37:49.910 | INFO     | __main__:descargar_documento:158 - Descargado: wo17159 - Documento Federal wo17159...
2025-08-13 18:37:49.920 | INFO     | __main__:procesar_documento:233 - Procesado: wo17159 - 1 chunks
2025-08-13 18:37:50.272 | SUCCESS  | __main__:generar_embeddings_y_subir:330 - Subido a Pinecone: wo17159 - 1 chunks
2025-08-13 18:37:54.484 | SUCCESS  | __main__:generar_embeddings_y_subir:330 - Subido a Pinecone: wo17108 - 23 chunks
2025-08-13 18:37:57.643 | INFO     | __main__:descargar_documento:158 - Descargado: wo17194 - Estatuto de Gobierno del Distrito Federal...
2025-08-13 18:37:57.878 | INFO     | __main__:procesar_documento:233 - Procesado: wo17194 - 32 chunks
2025-08-13 18:38:00.285 | INFO     | __main__:descargar_documento:158 - Descargado: wo17186 - CÓDIGO CIVIL FEDERAL...
2025-08-13 18:38:02.194 | INFO     | __main__:procesar_documento:233 - Procesado: wo17186 - 169 chunks
2025-08-13 18:38:03.584 | SUCCESS  | __main__:generar_embeddings_y_subir:330 - Subido a Pinecone: wo17194 - 32 chunks
2025-08-13 18:38:03.764 | INFO     | __main__:descargar_documento:158 - Descargado: wo17195 - ESTATUTO DE LAS ISLAS MARIAS...
2025-08-13 18:38:03.775 | INFO     | __main__:procesar_documento:233 - Procesado: wo17195 - 1 chunks
2025-08-13 18:38:04.034 | SUCCESS  | __main__:generar_embeddings_y_subir:330 - Subido a Pinecone: wo17195 - 1 chunks
2025-08-13 18:38:09.251 | INFO     | __main__:descargar_documento:158 - Descargado: wo38904 - CÓDIGO DE COMERCIO...
2025-08-13 18:38:10.752 | INFO     | __main__:procesar_documento:233 - Procesado: wo38904 - 118 chunks
2025-08-13 18:38:26.677 | SUCCESS  | __main__:generar_embeddings_y_subir:330 - Subido a Pinecone: wo17186 - 169 chunks
2025-08-13 18:38:29.944 | SUCCESS  | __main__:generar_embeddings_y_subir:330 - Subido a Pinecone: wo38904 - 118 chunks
2025-08-13 18:38:30.590 | INFO     | __main__:descargar_documento:158 - Descargado: wo17188 - TRANSITORIOS:...
2025-08-13 18:38:31.060 | INFO     | __main__:descargar_documento:158 - Descargado: wo82069 - Documento Federal wo82069...
2025-08-13 18:38:31.299 | INFO     | __main__:procesar_documento:233 - Procesado: wo82069 - 11 chunks
2025-08-13 18:38:31.308 | INFO     | __main__:procesar_documento:233 - Procesado: wo17188 - 61 chunks
2025-08-13 18:38:33.552 | SUCCESS  | __main__:generar_embeddings_y_subir:330 - Subido a Pinecone: wo82069 - 11 chunks
2025-08-13 18:38:39.673 | INFO     | __main__:descargar_documento:158 - Descargado: wo83048 - CÓDIGO PENAL FEDERAL...
2025-08-13 18:38:41.261 | INFO     | __main__:procesar_documento:233 - Procesado: wo83048 - 136 chunks
2025-08-13 18:38:42.630 | SUCCESS  | __main__:generar_embeddings_y_subir:330 - Subido a Pinecone: wo17188 - 61 chunks
2025-08-13 18:38:44.331 | INFO     | __main__:descargar_documento:158 - Descargado: wo17190 - CÓDIGO FEDERAL DE...
2025-08-13 18:38:44.955 | INFO     | __main__:procesar_documento:233 - Procesado: wo17190 - 63 chunks
2025-08-13 18:38:55.508 | SUCCESS  | __main__:generar_embeddings_y_subir:330 - Subido a Pinecone: wo17190 - 63 chunks
2025-08-13 18:38:57.379 | INFO     | __main__:descargar_documento:158 - Descargado: wo83143 - Al margen un sello con el Escudo Nacional, que dic...
2025-08-13 18:38:57.726 | INFO     | __main__:procesar_documento:233 - Procesado: wo83143 - 44 chunks
2025-08-13 18:39:00.128 | SUCCESS  | __main__:generar_embeddings_y_subir:330 - Subido a Pinecone: wo83048 - 136 chunks
2025-08-13 18:39:00.231 | INFO     | __main__:mostrar_progreso:365 - Progreso: 572 documentos | Descargados: 573 | Procesados: 573 | Subidos: 572 | Errores: 3
2025-08-13 18:39:03.936 | SUCCESS  | __main__:generar_embeddings_y_subir:330 - Subido a Pinecone: wo83143 - 44 chunks
2025-08-13 18:39:05.715 | INFO     | __main__:descargar_documento:158 - Descargado: wo83201 - ORDENANZA GENERAL DE LA...
2025-08-13 18:39:06.794 | INFO     | __main__:procesar_documento:233 - Procesado: wo83201 - 117 chunks
2025-08-13 18:39:08.259 | INFO     | __main__:descargar_documento:158 - Descargado: wo83173 - Documento Federal wo83173...
2025-08-13 18:39:08.568 | INFO     | __main__:procesar_documento:233 - Procesado: wo83173 - 14 chunks
2025-08-13 18:39:11.757 | SUCCESS  | __main__:generar_embeddings_y_subir:330 - Subido a Pinecone: wo83173 - 14 chunks
2025-08-13 18:39:18.370 | INFO     | __main__:descargar_documento:158 - Descargado: wo83102 - Código Federal de Procedimientos Penales...
2025-08-13 18:39:18.797 | INFO     | __main__:procesar_documento:233 - Procesado: wo83102 - 79 chunks
2025-08-13 18:39:25.140 | SUCCESS  | __main__:generar_embeddings_y_subir:330 - Subido a Pinecone: wo83201 - 117 chunks
2025-08-13 18:39:25.454 | INFO     | __main__:descargar_documento:158 - Descargado: wo88278 - A QUE DEBERAN SUJETARSE LOS IMPORTADORES DE PIEZAS...
2025-08-13 18:39:25.468 | INFO     | __main__:procesar_documento:233 - Procesado: wo88278 - 3 chunks
2025-08-13 18:39:26.669 | SUCCESS  | __main__:generar_embeddings_y_subir:330 - Subido a Pinecone: wo88278 - 3 chunks
2025-08-13 18:39:26.841 | INFO     | __main__:descargar_documento:158 - Descargado: wo88279 - A QUE HAN DE SUJETARSE LAS EMBARCACIONES DESTINADA...
2025-08-13 18:39:26.851 | INFO     | __main__:procesar_documento:233 - Procesado: wo88279 - 3 chunks
2025-08-13 18:39:27.768 | SUCCESS  | __main__:generar_embeddings_y_subir:330 - Subido a Pinecone: wo88279 - 3 chunks
2025-08-13 18:39:28.008 | INFO     | __main__:descargar_documento:158 - Descargado: wo88280 - A QUE SE SUJETARA EL INGRESO DE PERSONAL A LAS ESC...
2025-08-13 18:39:28.034 | INFO     | __main__:procesar_documento:233 - Procesado: wo88280 - 6 chunks
2025-08-13 18:39:29.403 | SUCCESS  | __main__:generar_embeddings_y_subir:330 - Subido a Pinecone: wo88280 - 6 chunks
2025-08-13 18:39:29.558 | INFO     | __main__:descargar_documento:158 - Descargado: wo88281 - A QUE SE SUJETARA EL PAGO DE LAS DIVERSAS ASIGNACI...
2025-08-13 18:39:29.570 | SUCCESS  | __main__:generar_embeddings_y_subir:330 - Subido a Pinecone: wo83102 - 79 chunks
2025-08-13 18:39:29.571 | INFO     | __main__:procesar_documento:233 - Procesado: wo88281 - 1 chunks
2025-08-13 18:39:29.787 | SUCCESS  | __main__:generar_embeddings_y_subir:330 - Subido a Pinecone: wo88281 - 1 chunks
2025-08-13 18:39:30.235 | INFO     | __main__:descargar_documento:158 - Descargado: wo88282 - A QUE SE SUJETARA LA INSTRUCCION FISICO-MILITAR QU...
2025-08-13 18:39:30.249 | INFO     | __main__:procesar_documento:233 - Procesado: wo88282 - 4 chunks
2025-08-13 18:39:30.880 | SUCCESS  | __main__:generar_embeddings_y_subir:330 - Subido a Pinecone: wo88282 - 4 chunks
2025-08-13 18:39:31.044 | INFO     | __main__:descargar_documento:158 - Descargado: wo88283 - A QUE SE SUJETARA LA LIBRE IMPORTACION DE MATERIAL...
2025-08-13 18:39:31.050 | INFO     | __main__:procesar_documento:233 - Procesado: wo88283 - 2 chunks
2025-08-13 18:39:31.204 | INFO     | __main__:descargar_documento:158 - Descargado: wo83106 - Al margen un sello con el Escudo Nacional, que dic...
2025-08-13 18:39:31.647 | INFO     | __main__:procesar_documento:233 - Procesado: wo83106 - 42 chunks
2025-08-13 18:39:31.888 | SUCCESS  | __main__:generar_embeddings_y_subir:330 - Subido a Pinecone: wo88283 - 2 chunks
2025-08-13 18:39:32.013 | INFO     | __main__:descargar_documento:158 - Descargado: wo88284 - A QUE SE SUJETARAN LAS IMPORTACIONES DE MATERIAS D...
2025-08-13 18:39:32.020 | INFO     | __main__:procesar_documento:233 - Procesado: wo88284 - 1 chunks
2025-08-13 18:39:32.366 | SUCCESS  | __main__:generar_embeddings_y_subir:330 - Subido a Pinecone: wo88284 - 1 chunks
2025-08-13 18:39:32.492 | INFO     | __main__:descargar_documento:158 - Descargado: wo88285 - AL QUE SE SUJETARA LA IMPORTACION TEMPORAL DE CEBA...
2025-08-13 18:39:32.501 | INFO     | __main__:procesar_documento:233 - Procesado: wo88285 - 1 chunks
2025-08-13 18:39:32.983 | SUCCESS  | __main__:generar_embeddings_y_subir:330 - Subido a Pinecone: wo88285 - 1 chunks
2025-08-13 18:39:33.167 | INFO     | __main__:descargar_documento:158 - Descargado: wo88286 - SECRETARIA DE TURISMO...
2025-08-13 18:39:33.185 | INFO     | __main__:procesar_documento:233 - Procesado: wo88286 - 3 chunks
2025-08-13 18:39:34.066 | SUCCESS  | __main__:generar_embeddings_y_subir:330 - Subido a Pinecone: wo88286 - 3 chunks
2025-08-13 18:39:34.513 | INFO     | __main__:descargar_documento:158 - Descargado: wo88287 - DE ADMISION A LAS ESCUELAS NAVALES...
2025-08-13 18:39:34.578 | INFO     | __main__:procesar_documento:233 - Procesado: wo88287 - 7 chunks
2025-08-13 18:39:35.954 | SUCCESS  | __main__:generar_embeddings_y_subir:330 - Subido a Pinecone: wo88287 - 7 chunks
2025-08-13 18:39:37.042 | INFO     | __main__:descargar_documento:158 - Descargado: wo88297 - Microsoft Word - 29sept11.doc...
2025-08-13 18:39:37.500 | INFO     | __main__:procesar_documento:233 - Procesado: wo88297 - 7 chunks
2025-08-13 18:39:38.737 | SUCCESS  | __main__:generar_embeddings_y_subir:330 - Subido a Pinecone: wo88297 - 7 chunks
2025-08-13 18:39:39.060 | INFO     | __main__:descargar_documento:158 - Descargado: wo88298 - CG299/2008...
2025-08-13 18:39:39.087 | INFO     | __main__:procesar_documento:233 - Procesado: wo88298 - 10 chunks
2025-08-13 18:39:39.494 | SUCCESS  | __main__:generar_embeddings_y_subir:330 - Subido a Pinecone: wo83106 - 42 chunks
2025-08-13 18:39:40.388 | INFO     | __main__:descargar_documento:158 - Descargado: wo83123 - Al margen un sello con el Escudo Nacional, que dic...
2025-08-13 18:39:40.809 | INFO     | __main__:procesar_documento:233 - Procesado: wo83123 - 17 chunks
2025-08-13 18:39:40.882 | SUCCESS  | __main__:generar_embeddings_y_subir:330 - Subido a Pinecone: wo88298 - 10 chunks
2025-08-13 18:39:42.130 | INFO     | __main__:descargar_documento:158 - Descargado: wo88302 - 20                                                ...
2025-08-13 18:39:42.404 | INFO     | __main__:procesar_documento:233 - Procesado: wo88302 - 6 chunks
2025-08-13 18:39:43.342 | SUCCESS  | __main__:generar_embeddings_y_subir:330 - Subido a Pinecone: wo88302 - 6 chunks
2025-08-13 18:39:43.870 | INFO     | __main__:descargar_documento:158 - Descargado: wo88303 - TRIBUNAL FEDERAL DE JUSTICIA...
2025-08-13 18:39:43.883 | INFO     | __main__:procesar_documento:233 - Procesado: wo88303 - 4 chunks
2025-08-13 18:39:44.231 | SUCCESS  | __main__:generar_embeddings_y_subir:330 - Subido a Pinecone: wo83123 - 17 chunks
2025-08-13 18:39:46.067 | SUCCESS  | __main__:generar_embeddings_y_subir:330 - Subido a Pinecone: wo88303 - 4 chunks
2025-08-13 18:39:46.327 | INFO     | __main__:descargar_documento:158 - Descargado: wo88308 - DE FUNCIONAMIENTO DE LOS CONCURSOS PROTOUCH...
2025-08-13 18:39:46.617 | INFO     | __main__:descargar_documento:158 - Descargado: wo88330 - DE LA COMISION DE INCONFORMIDADES Y DE VALUACION D...
2025-08-13 18:39:46.627 | INFO     | __main__:procesar_documento:233 - Procesado: wo88308 - 6 chunks
2025-08-13 18:39:46.630 | INFO     | __main__:procesar_documento:233 - Procesado: wo88330 - 3 chunks
2025-08-13 18:39:48.301 | SUCCESS  | __main__:generar_embeddings_y_subir:330 - Subido a Pinecone: wo88330 - 3 chunks
2025-08-13 18:39:48.455 | SUCCESS  | __main__:generar_embeddings_y_subir:330 - Subido a Pinecone: wo88308 - 6 chunks
2025-08-13 18:39:48.584 | INFO     | __main__:descargar_documento:158 - Descargado: wo88337 - DE LA DIRECCION GENERAL DE EDUCACION MILITAR...
2025-08-13 18:39:48.621 | INFO     | __main__:procesar_documento:233 - Procesado: wo88337 - 6 chunks
2025-08-13 18:39:48.788 | INFO     | __main__:descargar_documento:158 - Descargado: wo88315 - INSTITUTO DEL FONDO NACIONAL DE LA VIVIENDA...
2025-08-13 18:39:48.856 | INFO     | __main__:procesar_documento:233 - Procesado: wo88315 - 12 chunks
2025-08-13 18:39:50.001 | SUCCESS  | __main__:generar_embeddings_y_subir:330 - Subido a Pinecone: wo88337 - 6 chunks
2025-08-13 18:39:51.117 | INFO     | __main__:descargar_documento:158 - Descargado: wo88338 - SECRETARIA DE MARINA...
2025-08-13 18:39:51.195 | INFO     | __main__:procesar_documento:233 - Procesado: wo88338 - 10 chunks
2025-08-13 18:39:51.754 | SUCCESS  | __main__:generar_embeddings_y_subir:330 - Subido a Pinecone: wo88315 - 12 chunks
2025-08-13 18:39:52.339 | INFO     | __main__:descargar_documento:158 - Descargado: wo88317 - SECRETARIA DE HACIENDA Y CREDITO PUBLICO...
2025-08-13 18:39:52.363 | INFO     | __main__:procesar_documento:233 - Procesado: wo88317 - 6 chunks
2025-08-13 18:39:52.997 | SUCCESS  | __main__:generar_embeddings_y_subir:330 - Subido a Pinecone: wo88338 - 10 chunks
2025-08-13 18:39:53.406 | INFO     | __main__:descargar_documento:158 - Descargado: wo88339 - SECRETARIA DE MARINA...
2025-08-13 18:39:53.452 | INFO     | __main__:procesar_documento:233 - Procesado: wo88339 - 9 chunks
2025-08-13 18:39:54.521 | SUCCESS  | __main__:generar_embeddings_y_subir:330 - Subido a Pinecone: wo88317 - 6 chunks
2025-08-13 18:39:56.025 | SUCCESS  | __main__:generar_embeddings_y_subir:330 - Subido a Pinecone: wo88339 - 9 chunks
2025-08-13 18:39:56.268 | INFO     | __main__:descargar_documento:158 - Descargado: wo88326 - CONSEJO NACIONAL PARA PREVENIR LA...
2025-08-13 18:39:56.305 | INFO     | __main__:procesar_documento:233 - Procesado: wo88326 - 4 chunks
2025-08-13 18:39:56.629 | INFO     | __main__:descargar_documento:158 - Descargado: wo88341 - }SEGUNDA SECCION...
2025-08-13 18:39:56.698 | INFO     | __main__:procesar_documento:233 - Procesado: wo88341 - 6 chunks
2025-08-13 18:39:57.398 | SUCCESS  | __main__:generar_embeddings_y_subir:330 - Subido a Pinecone: wo88326 - 4 chunks
2025-08-13 18:39:57.602 | INFO     | __main__:descargar_documento:158 - Descargado: wo88329 - TRIBUNAL FEDERAL DE JUSTICIA FISCAL Y...
2025-08-13 18:39:57.620 | INFO     | __main__:procesar_documento:233 - Procesado: wo88329 - 3 chunks
2025-08-13 18:39:58.435 | SUCCESS  | __main__:generar_embeddings_y_subir:330 - Subido a Pinecone: wo88329 - 3 chunks
2025-08-13 18:39:58.453 | SUCCESS  | __main__:generar_embeddings_y_subir:330 - Subido a Pinecone: wo88341 - 6 chunks
2025-08-13 18:39:58.537 | INFO     | __main__:mostrar_progreso:365 - Progreso: 602 documentos | Descargados: 602 | Procesados: 602 | Subidos: 602 | Errores: 3
2025-08-13 18:39:59.420 | INFO     | __main__:descargar_documento:158 - Descargado: wo88342 - SECRETARIA DE MARINA...
2025-08-13 18:39:59.491 | INFO     | __main__:procesar_documento:233 - Procesado: wo88342 - 9 chunks
2025-08-13 18:40:00.979 | INFO     | __main__:descargar_documento:158 - Descargado: wo88363 - SEGUNDA SECCION...
2025-08-13 18:40:01.062 | INFO     | __main__:procesar_documento:233 - Procesado: wo88363 - 6 chunks
2025-08-13 18:40:01.350 | SUCCESS  | __main__:generar_embeddings_y_subir:330 - Subido a Pinecone: wo88342 - 9 chunks
2025-08-13 18:40:02.745 | INFO     | __main__:descargar_documento:158 - Descargado: wo88346 - }SEGUNDA SECCION...
2025-08-13 18:40:02.831 | INFO     | __main__:procesar_documento:233 - Procesado: wo88346 - 7 chunks
2025-08-13 18:40:03.647 | SUCCESS  | __main__:generar_embeddings_y_subir:330 - Subido a Pinecone: wo88363 - 6 chunks
2025-08-13 18:40:05.501 | SUCCESS  | __main__:generar_embeddings_y_subir:330 - Subido a Pinecone: wo88346 - 7 chunks
2025-08-13 18:40:08.792 | INFO     | __main__:descargar_documento:158 - Descargado: wo88370 - CONSEJO NACIONAL PARA PREVENIR LA...
2025-08-13 18:40:08.823 | INFO     | __main__:procesar_documento:233 - Procesado: wo88370 - 4 chunks
2025-08-13 18:40:09.223 | INFO     | __main__:descargar_documento:158 - Descargado: wo88348 - VICENTE FOX QUESADA, Presidente de los Estados Uni...
2025-08-13 18:40:09.288 | INFO     | __main__:procesar_documento:233 - Procesado: wo88348 - 8 chunks
2025-08-13 18:40:11.246 | SUCCESS  | __main__:generar_embeddings_y_subir:330 - Subido a Pinecone: wo88370 - 4 chunks
2025-08-13 18:40:15.692 | INFO     | __main__:descargar_documento:158 - Descargado: wo88371 - SECRETARIA DE MARINA...
2025-08-13 18:40:15.743 | INFO     | __main__:procesar_documento:233 - Procesado: wo88371 - 4 chunks
2025-08-13 18:40:16.168 | SUCCESS  | __main__:generar_embeddings_y_subir:330 - Subido a Pinecone: wo88348 - 8 chunks
2025-08-13 18:40:16.941 | SUCCESS  | __main__:generar_embeddings_y_subir:330 - Subido a Pinecone: wo88371 - 4 chunks
2025-08-13 18:40:18.266 | INFO     | __main__:descargar_documento:158 - Descargado: wo88373 - Documento Federal wo88373...
2025-08-13 18:40:18.347 | INFO     | __main__:procesar_documento:233 - Procesado: wo88373 - 8 chunks
2025-08-13 18:40:20.278 | SUCCESS  | __main__:generar_embeddings_y_subir:330 - Subido a Pinecone: wo88373 - 8 chunks
2025-08-13 18:40:21.469 | INFO     | __main__:descargar_documento:158 - Descargado: wo88605 - INSTITUTO FEDERAL ELECTORAL...
2025-08-13 18:40:21.503 | INFO     | __main__:procesar_documento:233 - Procesado: wo88605 - 8 chunks
2025-08-13 18:40:23.113 | SUCCESS  | __main__:generar_embeddings_y_subir:330 - Subido a Pinecone: wo88605 - 8 chunks
2025-08-13 18:40:23.547 | INFO     | __main__:descargar_documento:158 - Descargado: wo88606 - INSTITUTO FEDERAL ELECTORAL...
2025-08-13 18:40:23.583 | INFO     | __main__:procesar_documento:233 - Procesado: wo88606 - 8 chunks
2025-08-13 18:40:24.955 | SUCCESS  | __main__:generar_embeddings_y_subir:330 - Subido a Pinecone: wo88606 - 8 chunks
2025-08-13 18:40:25.665 | INFO     | __main__:descargar_documento:158 - Descargado: wo88624 - DE SESIONES DE LOS CONSEJOS LOCALES Y DISTRITALES ...
2025-08-13 18:40:25.716 | INFO     | __main__:procesar_documento:233 - Procesado: wo88624 - 12 chunks
2025-08-13 18:40:27.121 | INFO     | __main__:descargar_documento:158 - Descargado: wo88350 - }SEGUNDA SECCION...
2025-08-13 18:40:27.187 | INFO     | __main__:procesar_documento:233 - Procesado: wo88350 - 6 chunks
2025-08-13 18:40:27.799 | SUCCESS  | __main__:generar_embeddings_y_subir:330 - Subido a Pinecone: wo88624 - 12 chunks
2025-08-13 18:40:28.407 | SUCCESS  | __main__:generar_embeddings_y_subir:330 - Subido a Pinecone: wo88350 - 6 chunks
2025-08-13 18:40:28.464 | INFO     | __main__:descargar_documento:158 - Descargado: wo88570 - Documento Federal wo88570...
2025-08-13 18:40:28.499 | INFO     | __main__:procesar_documento:233 - Procesado: wo88570 - 2 chunks
2025-08-13 18:40:28.804 | INFO     | __main__:descargar_documento:158 - Descargado: wo88362 - SEGUNDA SECCION...
2025-08-13 18:40:28.848 | INFO     | __main__:procesar_documento:233 - Procesado: wo88362 - 7 chunks
2025-08-13 18:40:28.896 | SUCCESS  | __main__:generar_embeddings_y_subir:330 - Subido a Pinecone: wo88570 - 2 chunks
2025-08-13 18:40:29.673 | INFO     | __main__:descargar_documento:158 - Descargado: wo88574 - mPROCURADURIA FEDERAL DEL CONSUMIDOR...
2025-08-13 18:40:29.791 | INFO     | __main__:procesar_documento:233 - Procesado: wo88574 - 10 chunks
2025-08-13 18:40:30.138 | SUCCESS  | __main__:generar_embeddings_y_subir:330 - Subido a Pinecone: wo88362 - 7 chunks
2025-08-13 18:40:30.328 | INFO     | __main__:descargar_documento:158 - Descargado: wo88580 - INSTITUTO DEL FONDO NACIONAL DE LA VIVIENDA...
2025-08-13 18:40:30.348 | INFO     | __main__:procesar_documento:233 - Procesado: wo88580 - 2 chunks
2025-08-13 18:40:30.805 | SUCCESS  | __main__:generar_embeddings_y_subir:330 - Subido a Pinecone: wo88580 - 2 chunks
2025-08-13 18:40:31.235 | INFO     | __main__:descargar_documento:158 - Descargado: wo88582 - SECRETARIA DE SEGURIDAD PUBLICA...
2025-08-13 18:40:31.299 | INFO     | __main__:procesar_documento:233 - Procesado: wo88582 - 10 chunks
2025-08-13 18:40:31.464 | SUCCESS  | __main__:generar_embeddings_y_subir:330 - Subido a Pinecone: wo88574 - 10 chunks
2025-08-13 18:40:31.734 | INFO     | __main__:descargar_documento:158 - Descargado: wo88578 - INSTITUTO DEL FONDO NACIONAL DE LA VIVIENDA...
2025-08-13 18:40:31.764 | INFO     | __main__:procesar_documento:233 - Procesado: wo88578 - 4 chunks
2025-08-13 18:40:32.724 | SUCCESS  | __main__:generar_embeddings_y_subir:330 - Subido a Pinecone: wo88578 - 4 chunks
2025-08-13 18:40:33.094 | INFO     | __main__:descargar_documento:158 - Descargado: wo88589 - SECRETARIA DE LA REFORMA AGRARIA...
2025-08-13 18:40:33.152 | INFO     | __main__:procesar_documento:233 - Procesado: wo88589 - 4 chunks
2025-08-13 18:40:33.244 | SUCCESS  | __main__:generar_embeddings_y_subir:330 - Subido a Pinecone: wo88582 - 10 chunks
2025-08-13 18:40:33.767 | INFO     | __main__:descargar_documento:158 - Descargado: wo88585 - INSTITUTO DE SEGURIDAD Y SERVICIOS SOCIALES...
2025-08-13 18:40:33.799 | INFO     | __main__:procesar_documento:233 - Procesado: wo88585 - 10 chunks
2025-08-13 18:40:33.902 | SUCCESS  | __main__:generar_embeddings_y_subir:330 - Subido a Pinecone: wo88589 - 4 chunks
2025-08-13 18:40:34.288 | INFO     | __main__:descargar_documento:158 - Descargado: wo88590 - SECRETARIA DE AGRICULTURA, GANADERIA, DESARROLLO R...
2025-08-13 18:40:34.345 | INFO     | __main__:procesar_documento:233 - Procesado: wo88590 - 9 chunks
2025-08-13 18:40:35.331 | SUCCESS  | __main__:generar_embeddings_y_subir:330 - Subido a Pinecone: wo88585 - 10 chunks
2025-08-13 18:40:35.497 | INFO     | __main__:descargar_documento:158 - Descargado: wo88587 - TRIBUNAL SUPERIOR AGRARIO...
2025-08-13 18:40:35.536 | INFO     | __main__:procesar_documento:233 - Procesado: wo88587 - 3 chunks
2025-08-13 18:40:35.937 | SUCCESS  | __main__:generar_embeddings_y_subir:330 - Subido a Pinecone: wo88590 - 9 chunks
2025-08-13 18:40:35.962 | SUCCESS  | __main__:generar_embeddings_y_subir:330 - Subido a Pinecone: wo88587 - 3 chunks
2025-08-13 18:40:36.381 | INFO     | __main__:descargar_documento:158 - Descargado: wo88593 - INSTITUTO MEXICANO DEL SEGURO SOCIAL...
2025-08-13 18:40:36.451 | INFO     | __main__:descargar_documento:158 - Descargado: wo88588 - SECRETARIA DE RELACIONES EXTERIORES...
2025-08-13 18:40:36.464 | INFO     | __main__:procesar_documento:233 - Procesado: wo88593 - 18 chunks
2025-08-13 18:40:36.466 | INFO     | __main__:procesar_documento:233 - Procesado: wo88588 - 2 chunks
2025-08-13 18:40:36.931 | SUCCESS  | __main__:generar_embeddings_y_subir:330 - Subido a Pinecone: wo88588 - 2 chunks
2025-08-13 18:40:37.034 | INFO     | __main__:mostrar_progreso:365 - Progreso: 624 documentos | Descargados: 625 | Procesados: 625 | Subidos: 624 | Errores: 3
2025-08-13 18:40:39.201 | SUCCESS  | __main__:generar_embeddings_y_subir:330 - Subido a Pinecone: wo88593 - 18 chunks
2025-08-13 18:40:40.168 | INFO     | __main__:descargar_documento:158 - Descargado: wo88595 - DE PROCEDIMIENTOS PARA LA ATENCION DE QUEJAS MEDIC...
2025-08-13 18:40:40.235 | INFO     | __main__:procesar_documento:233 - Procesado: wo88595 - 12 chunks
2025-08-13 18:40:40.698 | INFO     | __main__:descargar_documento:158 - Descargado: wo88597 - Microsoft Word - 201307101219138299...
2025-08-13 18:40:42.057 | INFO     | __main__:procesar_documento:233 - Procesado: wo88597 - 7 chunks
2025-08-13 18:40:43.580 | SUCCESS  | __main__:generar_embeddings_y_subir:330 - Subido a Pinecone: wo88597 - 7 chunks
2025-08-13 18:40:44.058 | SUCCESS  | __main__:generar_embeddings_y_subir:330 - Subido a Pinecone: wo88595 - 12 chunks
2025-08-13 18:40:44.648 | INFO     | __main__:descargar_documento:158 - Descargado: wo88596 - DE PRONOSTICOS INTERACTIVOS...
2025-08-13 18:40:44.663 | INFO     | __main__:procesar_documento:233 - Procesado: wo88596 - 3 chunks
2025-08-13 18:40:44.823 | INFO     | __main__:descargar_documento:158 - Descargado: wo88651 - SEGUNDA SECCION...
2025-08-13 18:40:44.891 | INFO     | __main__:procesar_documento:233 - Procesado: wo88651 - 8 chunks
2025-08-13 18:40:46.820 | SUCCESS  | __main__:generar_embeddings_y_subir:330 - Subido a Pinecone: wo88596 - 3 chunks
2025-08-13 18:40:47.145 | SUCCESS  | __main__:generar_embeddings_y_subir:330 - Subido a Pinecone: wo88651 - 8 chunks
2025-08-13 18:40:49.655 | INFO     | __main__:descargar_documento:158 - Descargado: wo88655 - SEGUNDA SECCION...
2025-08-13 18:40:49.732 | INFO     | __main__:descargar_documento:158 - Descargado: wo88658 - Microsoft Word - Reforma reg Progol 9 julio de 201...
2025-08-13 18:40:49.732 | INFO     | __main__:procesar_documento:233 - Procesado: wo88655 - 9 chunks
2025-08-13 18:40:50.086 | INFO     | __main__:procesar_documento:233 - Procesado: wo88658 - 10 chunks
2025-08-13 18:40:52.225 | SUCCESS  | __main__:generar_embeddings_y_subir:330 - Subido a Pinecone: wo88655 - 9 chunks
2025-08-13 18:40:53.061 | INFO     | __main__:descargar_documento:158 - Descargado: wo88656 - INSTITUTO DE SEGURIDAD Y SERVICIOS SOCIALES...
2025-08-13 18:40:53.101 | INFO     | __main__:procesar_documento:233 - Procesado: wo88656 - 4 chunks
2025-08-13 18:40:53.197 | SUCCESS  | __main__:generar_embeddings_y_subir:330 - Subido a Pinecone: wo88658 - 10 chunks
2025-08-13 18:40:53.780 | INFO     | __main__:descargar_documento:158 - Descargado: wo88661 - COPIA - DIARIO OFICIAL...
2025-08-13 18:40:53.789 | INFO     | __main__:procesar_documento:233 - Procesado: wo88661 - 1 chunks
2025-08-13 18:40:53.858 | SUCCESS  | __main__:generar_embeddings_y_subir:330 - Subido a Pinecone: wo88656 - 4 chunks
2025-08-13 18:40:53.983 | SUCCESS  | __main__:generar_embeddings_y_subir:330 - Subido a Pinecone: wo88661 - 1 chunks
2025-08-13 18:40:55.057 | INFO     | __main__:descargar_documento:158 - Descargado: wo88657 - SECRETARIA DE SEGURIDAD PUBLICA...
2025-08-13 18:40:55.240 | INFO     | __main__:procesar_documento:233 - Procesado: wo88657 - 23 chunks
2025-08-13 18:40:56.338 | INFO     | __main__:descargar_documento:158 - Descargado: wo88662 - PODER EJECUTIVO...
2025-08-13 18:40:56.388 | INFO     | __main__:procesar_documento:233 - Procesado: wo88662 - 5 chunks
2025-08-13 18:40:57.503 | SUCCESS  | __main__:generar_embeddings_y_subir:330 - Subido a Pinecone: wo88662 - 5 chunks
2025-08-13 18:41:00.915 | INFO     | __main__:descargar_documento:158 - Descargado: wo88665 - SECRETARIA DE LA FUNCION PUBLICA...
2025-08-13 18:41:01.233 | INFO     | __main__:procesar_documento:233 - Procesado: wo88665 - 14 chunks
2025-08-13 18:41:02.240 | SUCCESS  | __main__:generar_embeddings_y_subir:330 - Subido a Pinecone: wo88657 - 23 chunks
2025-08-13 18:41:03.661 | SUCCESS  | __main__:generar_embeddings_y_subir:330 - Subido a Pinecone: wo88665 - 14 chunks
2025-08-13 18:41:04.293 | INFO     | __main__:descargar_documento:158 - Descargado: wo88669 - INSTITUTO FEDERAL ELECTORAL...
2025-08-13 18:41:04.502 | INFO     | __main__:procesar_documento:233 - Procesado: wo88669 - 51 chunks
2025-08-13 18:41:06.830 | INFO     | __main__:descargar_documento:158 - Descargado: wo88668 - INSTITUTO FEDERAL ELECTORAL...
2025-08-13 18:41:06.975 | INFO     | __main__:procesar_documento:233 - Procesado: wo88668 - 35 chunks
2025-08-13 18:41:14.005 | SUCCESS  | __main__:generar_embeddings_y_subir:330 - Subido a Pinecone: wo88669 - 51 chunks
2025-08-13 18:41:14.901 | SUCCESS  | __main__:generar_embeddings_y_subir:330 - Subido a Pinecone: wo88668 - 35 chunks
2025-08-13 18:41:15.302 | INFO     | __main__:descargar_documento:158 - Descargado: wo88670 - INSTITUTO FEDERAL ELECTORAL...
2025-08-13 18:41:15.336 | INFO     | __main__:procesar_documento:233 - Procesado: wo88670 - 12 chunks
2025-08-13 18:41:15.544 | INFO     | __main__:descargar_documento:158 - Descargado: wo88626 - DEL CONSEJO GENERAL DEL INSTITUTO FEDERAL ELECTORA...
2025-08-13 18:41:15.608 | INFO     | __main__:procesar_documento:233 - Procesado: wo88626 - 12 chunks
2025-08-13 18:41:18.386 | SUCCESS  | __main__:generar_embeddings_y_subir:330 - Subido a Pinecone: wo88626 - 12 chunks
2025-08-13 18:41:20.031 | INFO     | __main__:descargar_documento:158 - Descargado: wo88628 - Documento Federal wo88628...
2025-08-13 18:41:20.337 | INFO     | __main__:procesar_documento:233 - Procesado: wo88628 - 37 chunks
2025-08-13 18:41:20.623 | SUCCESS  | __main__:generar_embeddings_y_subir:330 - Subido a Pinecone: wo88670 - 12 chunks
2025-08-13 18:41:20.852 | INFO     | __main__:descargar_documento:158 - Descargado: wo88672 - INSTITUTO FEDERAL ELECTORAL...
2025-08-13 18:41:20.910 | INFO     | __main__:procesar_documento:233 - Procesado: wo88672 - 6 chunks
2025-08-13 18:41:22.247 | SUCCESS  | __main__:generar_embeddings_y_subir:330 - Subido a Pinecone: wo88672 - 6 chunks
2025-08-13 18:41:22.723 | INFO     | __main__:descargar_documento:158 - Descargado: wo88674 - SECRETARIA DE HACIENDA Y CREDITO PUBLICO...
2025-08-13 18:41:22.757 | INFO     | __main__:procesar_documento:233 - Procesado: wo88674 - 4 chunks
2025-08-13 18:41:23.945 | SUCCESS  | __main__:generar_embeddings_y_subir:330 - Subido a Pinecone: wo88674 - 4 chunks
2025-08-13 18:41:28.491 | SUCCESS  | __main__:generar_embeddings_y_subir:330 - Subido a Pinecone: wo88628 - 37 chunks
2025-08-13 18:41:28.934 | INFO     | __main__:descargar_documento:158 - Descargado: wo88631 - Documento Federal wo88631...
2025-08-13 18:41:28.956 | INFO     | __main__:procesar_documento:233 - Procesado: wo88631 - 4 chunks
2025-08-13 18:41:30.245 | SUCCESS  | __main__:generar_embeddings_y_subir:330 - Subido a Pinecone: wo88631 - 4 chunks
2025-08-13 18:41:32.058 | INFO     | __main__:descargar_documento:158 - Descargado: wo88625 - INSTITUTO FEDERAL ELECTORAL...
2025-08-13 18:41:32.114 | INFO     | __main__:procesar_documento:233 - Procesado: wo88625 - 10 chunks
2025-08-13 18:41:34.060 | INFO     | __main__:descargar_documento:158 - Descargado: wo88634 - Documento Federal wo88634...
2025-08-13 18:41:34.144 | SUCCESS  | __main__:generar_embeddings_y_subir:330 - Subido a Pinecone: wo88625 - 10 chunks
2025-08-13 18:41:34.229 | INFO     | __main__:procesar_documento:233 - Procesado: wo88634 - 34 chunks
2025-08-13 18:41:35.216 | INFO     | __main__:descargar_documento:158 - Descargado: wo88637 - Documento Federal wo88637...
2025-08-13 18:41:35.451 | INFO     | __main__:procesar_documento:233 - Procesado: wo88637 - 38 chunks
2025-08-13 18:41:41.550 | SUCCESS  | __main__:generar_embeddings_y_subir:330 - Subido a Pinecone: wo88634 - 34 chunks
2025-08-13 18:41:41.968 | INFO     | __main__:descargar_documento:158 - Descargado: wo88636 - Documento Federal wo88636...
2025-08-13 18:41:42.003 | INFO     | __main__:procesar_documento:233 - Procesado: wo88636 - 3 chunks
2025-08-13 18:41:42.576 | SUCCESS  | __main__:generar_embeddings_y_subir:330 - Subido a Pinecone: wo88636 - 3 chunks
2025-08-13 18:41:42.678 | INFO     | __main__:mostrar_progreso:365 - Progreso: 647 documentos | Descargados: 648 | Procesados: 648 | Subidos: 647 | Errores: 3
2025-08-13 18:41:42.940 | INFO     | __main__:descargar_documento:158 - Descargado: wo88676 - SEGUNDA SECCION...
2025-08-13 18:41:43.001 | INFO     | __main__:procesar_documento:233 - Procesado: wo88676 - 7 chunks
2025-08-13 18:41:43.305 | SUCCESS  | __main__:generar_embeddings_y_subir:330 - Subido a Pinecone: wo88637 - 38 chunks
2025-08-13 18:41:45.621 | SUCCESS  | __main__:generar_embeddings_y_subir:330 - Subido a Pinecone: wo88676 - 7 chunks
2025-08-13 18:41:46.335 | INFO     | __main__:descargar_documento:158 - Descargado: wo88677 - SECRETARIA DE SEGURIDAD PUBLICA...
2025-08-13 18:41:46.378 | INFO     | __main__:procesar_documento:233 - Procesado: wo88677 - 11 chunks
2025-08-13 18:41:47.773 | INFO     | __main__:descargar_documento:158 - Descargado: wo88640 - SECRETARIA DE MARINA...
2025-08-13 18:41:48.161 | INFO     | __main__:procesar_documento:233 - Procesado: wo88640 - 13 chunks
2025-08-13 18:41:49.131 | SUCCESS  | __main__:generar_embeddings_y_subir:330 - Subido a Pinecone: wo88677 - 11 chunks
2025-08-13 18:41:49.682 | INFO     | __main__:descargar_documento:158 - Descargado: wo88679 - }SEGUNDA SECCION...
2025-08-13 18:41:49.734 | INFO     | __main__:procesar_documento:233 - Procesado: wo88679 - 7 chunks
2025-08-13 18:41:50.468 | SUCCESS  | __main__:generar_embeddings_y_subir:330 - Subido a Pinecone: wo88640 - 13 chunks
2025-08-13 18:41:50.700 | INFO     | __main__:descargar_documento:158 - Descargado: wo88641 - SECRETARIA DE LA DEFENSA NACIONAL...
2025-08-13 18:41:50.755 | INFO     | __main__:procesar_documento:233 - Procesado: wo88641 - 3 chunks
2025-08-13 18:41:51.040 | SUCCESS  | __main__:generar_embeddings_y_subir:330 - Subido a Pinecone: wo88679 - 7 chunks
2025-08-13 18:41:51.365 | SUCCESS  | __main__:generar_embeddings_y_subir:330 - Subido a Pinecone: wo88641 - 3 chunks
2025-08-13 18:41:51.371 | INFO     | __main__:descargar_documento:158 - Descargado: wo88680 - SEGUNDA SECCION...
2025-08-13 18:41:51.410 | INFO     | __main__:procesar_documento:233 - Procesado: wo88680 - 6 chunks
2025-08-13 18:41:52.418 | INFO     | __main__:descargar_documento:158 - Descargado: wo88644 - Documento Federal wo88644...
2025-08-13 18:41:52.519 | INFO     | __main__:procesar_documento:233 - Procesado: wo88644 - 16 chunks
2025-08-13 18:41:52.584 | SUCCESS  | __main__:generar_embeddings_y_subir:330 - Subido a Pinecone: wo88680 - 6 chunks
2025-08-13 18:41:52.930 | INFO     | __main__:descargar_documento:158 - Descargado: wo88681 - SEGUNDA SECCION...
2025-08-13 18:41:52.992 | INFO     | __main__:procesar_documento:233 - Procesado: wo88681 - 6 chunks
2025-08-13 18:41:54.183 | SUCCESS  | __main__:generar_embeddings_y_subir:330 - Subido a Pinecone: wo88681 - 6 chunks
2025-08-13 18:41:54.549 | INFO     | __main__:descargar_documento:158 - Descargado: wo88685 - DEL REGISTRO PÚBLICO DE COMERCIO...
2025-08-13 18:41:54.609 | INFO     | __main__:procesar_documento:233 - Procesado: wo88685 - 10 chunks
2025-08-13 18:41:55.640 | SUCCESS  | __main__:generar_embeddings_y_subir:330 - Subido a Pinecone: wo88644 - 16 chunks
2025-08-13 18:41:56.003 | INFO     | __main__:descargar_documento:158 - Descargado: wo88675 - }SEGUNDA SECCION...
2025-08-13 18:41:56.042 | INFO     | __main__:procesar_documento:233 - Procesado: wo88675 - 6 chunks
2025-08-13 18:41:56.240 | SUCCESS  | __main__:generar_embeddings_y_subir:330 - Subido a Pinecone: wo88685 - 10 chunks
2025-08-13 18:41:56.438 | INFO     | __main__:descargar_documento:158 - Descargado: wo88686 - PARA EL DESARROLLO PROFESIONAL DEL PERSONAL EGRESA...
2025-08-13 18:41:56.487 | INFO     | __main__:procesar_documento:233 - Procesado: wo88686 - 3 chunks
2025-08-13 18:41:56.942 | SUCCESS  | __main__:generar_embeddings_y_subir:330 - Subido a Pinecone: wo88675 - 6 chunks
2025-08-13 18:41:57.136 | SUCCESS  | __main__:generar_embeddings_y_subir:330 - Subido a Pinecone: wo88686 - 3 chunks
2025-08-13 18:41:57.229 | INFO     | __main__:descargar_documento:158 - Descargado: wo88692 - INSTITUTO FEDERAL ELECTORAL...
2025-08-13 18:41:57.268 | INFO     | __main__:procesar_documento:233 - Procesado: wo88692 - 7 chunks
2025-08-13 18:41:57.396 | INFO     | __main__:descargar_documento:158 - Descargado: wo88688 - DE LA JUNTA DE ALMIRANTES, CONSEJOS DE HONORSUPERI...
2025-08-13 18:41:57.415 | INFO     | __main__:procesar_documento:233 - Procesado: wo88688 - 3 chunks
2025-08-13 18:41:58.144 | SUCCESS  | __main__:generar_embeddings_y_subir:330 - Subido a Pinecone: wo88688 - 3 chunks
2025-08-13 18:41:58.473 | INFO     | __main__:descargar_documento:158 - Descargado: wo88689 - SECRETARIA DE LA DEFENSA NACIONAL...
2025-08-13 18:41:58.691 | SUCCESS  | __main__:generar_embeddings_y_subir:330 - Subido a Pinecone: wo88692 - 7 chunks
2025-08-13 18:41:58.749 | INFO     | __main__:procesar_documento:233 - Procesado: wo88689 - 2 chunks
2025-08-13 18:41:59.119 | INFO     | __main__:descargar_documento:158 - Descargado: wo88693 - Documento Federal wo88693...
2025-08-13 18:41:59.202 | SUCCESS  | __main__:generar_embeddings_y_subir:330 - Subido a Pinecone: wo88689 - 2 chunks
2025-08-13 18:41:59.206 | INFO     | __main__:procesar_documento:233 - Procesado: wo88693 - 13 chunks
2025-08-13 18:41:59.810 | INFO     | __main__:descargar_documento:158 - Descargado: wo88690 - SECRETARIA DE LA DEFENSA NACIONAL...
2025-08-13 18:42:00.076 | INFO     | __main__:procesar_documento:233 - Procesado: wo88690 - 4 chunks
2025-08-13 18:42:01.945 | SUCCESS  | __main__:generar_embeddings_y_subir:330 - Subido a Pinecone: wo88690 - 4 chunks
2025-08-13 18:42:02.217 | SUCCESS  | __main__:generar_embeddings_y_subir:330 - Subido a Pinecone: wo88693 - 13 chunks
2025-08-13 18:42:02.610 | INFO     | __main__:descargar_documento:158 - Descargado: wo88762 - SECRETARIA DE HACIENDA Y CREDITO PUBLICO...
2025-08-13 18:42:02.660 | INFO     | __main__:procesar_documento:233 - Procesado: wo88762 - 15 chunks
2025-08-13 18:42:02.934 | INFO     | __main__:descargar_documento:158 - Descargado: wo88695 - SECRETARIA DE SEGURIDAD PUBLICA...
2025-08-13 18:42:03.031 | INFO     | __main__:procesar_documento:233 - Procesado: wo88695 - 12 chunks
2025-08-13 18:42:06.093 | SUCCESS  | __main__:generar_embeddings_y_subir:330 - Subido a Pinecone: wo88695 - 12 chunks
2025-08-13 18:42:06.349 | INFO     | __main__:descargar_documento:158 - Descargado: wo88696 - SECRETARIA DE HACIENDA Y CREDITO PUBLICO...
2025-08-13 18:42:06.361 | INFO     | __main__:procesar_documento:233 - Procesado: wo88696 - 5 chunks
2025-08-13 18:42:06.605 | SUCCESS  | __main__:generar_embeddings_y_subir:330 - Subido a Pinecone: wo88762 - 15 chunks
2025-08-13 18:42:06.870 | INFO     | __main__:descargar_documento:158 - Descargado: wo88764 - CONSEJO DE SALUBRIDAD GENERAL...
2025-08-13 18:42:06.885 | INFO     | __main__:procesar_documento:233 - Procesado: wo88764 - 3 chunks
2025-08-13 18:42:08.071 | SUCCESS  | __main__:generar_embeddings_y_subir:330 - Subido a Pinecone: wo88696 - 5 chunks
2025-08-13 18:42:08.431 | SUCCESS  | __main__:generar_embeddings_y_subir:330 - Subido a Pinecone: wo88764 - 3 chunks
2025-08-13 18:42:08.806 | INFO     | __main__:descargar_documento:158 - Descargado: wo88699 - VICENTE FOX QUESADA, Presidente de los Estados Uni...
2025-08-13 18:42:08.901 | INFO     | __main__:procesar_documento:233 - Procesado: wo88699 - 18 chunks
2025-08-13 18:42:10.182 | INFO     | __main__:descargar_documento:158 - Descargado: wo88767 - CONSEJERIA JURIDICA DEL EJECUTIVO FEDERAL...
2025-08-13 18:42:10.288 | INFO     | __main__:procesar_documento:233 - Procesado: wo88767 - 10 chunks
2025-08-13 18:42:12.684 | SUCCESS  | __main__:generar_embeddings_y_subir:330 - Subido a Pinecone: wo88767 - 10 chunks
2025-08-13 18:42:14.238 | INFO     | __main__:descargar_documento:158 - Descargado: wo88769 - Documento Federal wo88769...
2025-08-13 18:42:14.352 | INFO     | __main__:procesar_documento:233 - Procesado: wo88769 - 17 chunks
2025-08-13 18:42:18.329 | SUCCESS  | __main__:generar_embeddings_y_subir:330 - Subido a Pinecone: wo88769 - 17 chunks
2025-08-13 18:42:19.329 | SUCCESS  | __main__:generar_embeddings_y_subir:330 - Subido a Pinecone: wo88699 - 18 chunks
2025-08-13 18:42:20.349 | INFO     | __main__:descargar_documento:158 - Descargado: wo88774 - SECRETARIA DE DESARROLLO AGRARIO, TERRITORIAL...
2025-08-13 18:42:20.489 | INFO     | __main__:procesar_documento:233 - Procesado: wo88774 - 30 chunks
2025-08-13 18:42:20.872 | INFO     | __main__:descargar_documento:158 - Descargado: wo88702 - Documento Federal wo88702...
2025-08-13 18:42:21.024 | INFO     | __main__:procesar_documento:233 - Procesado: wo88702 - 15 chunks
2025-08-13 18:42:26.234 | SUCCESS  | __main__:generar_embeddings_y_subir:330 - Subido a Pinecone: wo88702 - 15 chunks
2025-08-13 18:42:27.233 | INFO     | __main__:descargar_documento:158 - Descargado: wo88707 - Secretaría de la Junta Directiva...
2025-08-13 18:42:27.282 | INFO     | __main__:procesar_documento:233 - Procesado: wo88707 - 11 chunks
2025-08-13 18:42:29.754 | SUCCESS  | __main__:generar_embeddings_y_subir:330 - Subido a Pinecone: wo88774 - 30 chunks
2025-08-13 18:42:29.857 | INFO     | __main__:mostrar_progreso:365 - Progreso: 673 documentos | Descargados: 674 | Procesados: 674 | Subidos: 673 | Errores: 3
2025-08-13 18:42:29.936 | SUCCESS  | __main__:generar_embeddings_y_subir:330 - Subido a Pinecone: wo88707 - 11 chunks
2025-08-13 18:42:31.060 | INFO     | __main__:descargar_documento:158 - Descargado: wo88708 - Documento Federal wo88708...
2025-08-13 18:42:31.110 | INFO     | __main__:procesar_documento:233 - Procesado: wo88708 - 10 chunks
2025-08-13 18:42:31.490 | INFO     | __main__:descargar_documento:158 - Descargado: wo88712 - SORTEO MELATE REVANCHA DE PRONÓSTICOS PARA LA ASIS...
2025-08-13 18:42:32.057 | INFO     | __main__:procesar_documento:233 - Procesado: wo88712 - 9 chunks
2025-08-13 18:42:33.695 | SUCCESS  | __main__:generar_embeddings_y_subir:330 - Subido a Pinecone: wo88708 - 10 chunks
2025-08-13 18:42:40.203 | INFO     | __main__:descargar_documento:158 - Descargado: wo88709 - DEL SORTEO CHISPAZO DE PRONÓSTICOS PARA LA ASISTEN...
2025-08-13 18:42:40.562 | INFO     | __main__:procesar_documento:233 - Procesado: wo88709 - 7 chunks
2025-08-13 18:42:40.973 | SUCCESS  | __main__:generar_embeddings_y_subir:330 - Subido a Pinecone: wo88712 - 9 chunks
2025-08-13 18:42:41.466 | INFO     | __main__:descargar_documento:158 - Descargado: wo88713 - DEL SORTEO PRONOS MAS DE PRONOSTICOS PARA LA ASIST...
2025-08-13 18:42:41.484 | INFO     | __main__:procesar_documento:233 - Procesado: wo88713 - 4 chunks
2025-08-13 18:42:42.701 | SUCCESS  | __main__:generar_embeddings_y_subir:330 - Subido a Pinecone: wo88713 - 4 chunks
2025-08-13 18:42:43.695 | SUCCESS  | __main__:generar_embeddings_y_subir:330 - Subido a Pinecone: wo88709 - 7 chunks
2025-08-13 18:42:44.997 | INFO     | __main__:descargar_documento:158 - Descargado: wo88714 - SORTEO TRIS DE NÚMEROS DE PRONÓSTICOS PARA LA ASIS...
2025-08-13 18:42:45.466 | INFO     | __main__:procesar_documento:233 - Procesado: wo88714 - 5 chunks
2025-08-13 18:42:47.586 | INFO     | __main__:descargar_documento:158 - Descargado: wo88711 - El Consejo Directivo de Pronósticos para la Asiste...
2025-08-13 18:42:47.815 | INFO     | __main__:procesar_documento:233 - Procesado: wo88711 - 5 chunks
2025-08-13 18:42:48.653 | SUCCESS  | __main__:generar_embeddings_y_subir:330 - Subido a Pinecone: wo88711 - 5 chunks
2025-08-13 18:42:48.948 | SUCCESS  | __main__:generar_embeddings_y_subir:330 - Subido a Pinecone: wo88714 - 5 chunks
2025-08-13 18:42:50.995 | INFO     | __main__:descargar_documento:158 - Descargado: wo88715 - JUNTA DE GOBIERNO Y ADMINISTRACIÓN...
2025-08-13 18:42:51.121 | INFO     | __main__:procesar_documento:233 - Procesado: wo88715 - 12 chunks
2025-08-13 18:42:51.460 | INFO     | __main__:descargar_documento:158 - Descargado: wo88724 - SECRETARIA DE LA DEFENSA NACIONAL...
2025-08-13 18:42:51.848 | INFO     | __main__:procesar_documento:233 - Procesado: wo88724 - 25 chunks
2025-08-13 18:42:54.580 | SUCCESS  | __main__:generar_embeddings_y_subir:330 - Subido a Pinecone: wo88715 - 12 chunks
2025-08-13 18:42:54.997 | INFO     | __main__:descargar_documento:158 - Descargado: wo88719 - COPIA - DIARIO OFICIAL...
2025-08-13 18:42:55.016 | INFO     | __main__:procesar_documento:233 - Procesado: wo88719 - 1 chunks
2025-08-13 18:42:55.249 | SUCCESS  | __main__:generar_embeddings_y_subir:330 - Subido a Pinecone: wo88719 - 1 chunks
2025-08-13 18:42:58.638 | INFO     | __main__:descargar_documento:158 - Descargado: wo88803 - Documento Federal wo88803...
2025-08-13 18:42:58.842 | INFO     | __main__:procesar_documento:233 - Procesado: wo88803 - 49 chunks
2025-08-13 18:43:00.681 | SUCCESS  | __main__:generar_embeddings_y_subir:330 - Subido a Pinecone: wo88724 - 25 chunks
2025-08-13 18:43:01.030 | INFO     | __main__:descargar_documento:158 - Descargado: wo88827 - SECRETARIA DE RELACIONES EXTERIORES...
2025-08-13 18:43:01.051 | INFO     | __main__:procesar_documento:233 - Procesado: wo88827 - 3 chunks
2025-08-13 18:43:01.736 | SUCCESS  | __main__:generar_embeddings_y_subir:330 - Subido a Pinecone: wo88827 - 3 chunks
2025-08-13 18:43:08.072 | SUCCESS  | __main__:generar_embeddings_y_subir:330 - Subido a Pinecone: wo88803 - 49 chunks
2025-08-13 18:43:09.059 | INFO     | __main__:descargar_documento:158 - Descargado: wo88805 - SECRETARIA DE LA REFORMA AGRARIA...
2025-08-13 18:43:09.165 | INFO     | __main__:procesar_documento:233 - Procesado: wo88805 - 16 chunks
2025-08-13 18:43:12.419 | SUCCESS  | __main__:generar_embeddings_y_subir:330 - Subido a Pinecone: wo88805 - 16 chunks
2025-08-13 18:43:13.200 | INFO     | __main__:descargar_documento:158 - Descargado: wo88807 - SECRETARIA DE AGRICULTURA, GANADERIA, DESARROLLO...
2025-08-13 18:43:13.235 | INFO     | __main__:procesar_documento:233 - Procesado: wo88807 - 6 chunks
2025-08-13 18:43:15.006 | SUCCESS  | __main__:generar_embeddings_y_subir:330 - Subido a Pinecone: wo88807 - 6 chunks
2025-08-13 18:43:15.748 | INFO     | __main__:descargar_documento:158 - Descargado: wo88862 - SECRETARIA DE ENERGIA...
2025-08-13 18:43:15.769 | INFO     | __main__:procesar_documento:233 - Procesado: wo88862 - 3 chunks
2025-08-13 18:43:17.389 | INFO     | __main__:descargar_documento:158 - Descargado: wo88729 - ARTICULO 135...
2025-08-13 18:43:17.520 | SUCCESS  | __main__:generar_embeddings_y_subir:330 - Subido a Pinecone: wo88862 - 3 chunks
2025-08-13 18:43:18.677 | INFO     | __main__:descargar_documento:158 - Descargado: wo88870 - COMISION ORGANIZADORA DE LA...
2025-08-13 18:43:18.893 | INFO     | __main__:procesar_documento:233 - Procesado: wo88870 - 2 chunks
2025-08-13 18:43:19.013 | INFO     | __main__:procesar_documento:233 - Procesado: wo88729 - 15 chunks
2025-08-13 18:43:19.754 | SUCCESS  | __main__:generar_embeddings_y_subir:330 - Subido a Pinecone: wo88870 - 2 chunks
2025-08-13 18:43:21.580 | INFO     | __main__:descargar_documento:158 - Descargado: wo88872 - PODER EJECUTIVO...
2025-08-13 18:43:21.637 | INFO     | __main__:procesar_documento:233 - Procesado: wo88872 - 9 chunks
2025-08-13 18:43:21.913 | SUCCESS  | __main__:generar_embeddings_y_subir:330 - Subido a Pinecone: wo88729 - 15 chunks
2025-08-13 18:43:22.655 | INFO     | __main__:descargar_documento:158 - Descargado: wo88735 - SECRETARIA DE ECONOMIA...
2025-08-13 18:43:22.706 | INFO     | __main__:procesar_documento:233 - Procesado: wo88735 - 9 chunks
2025-08-13 18:43:24.133 | SUCCESS  | __main__:generar_embeddings_y_subir:330 - Subido a Pinecone: wo88872 - 9 chunks
2025-08-13 18:43:24.287 | SUCCESS  | __main__:generar_embeddings_y_subir:330 - Subido a Pinecone: wo88735 - 9 chunks
2025-08-13 18:43:25.950 | INFO     | __main__:descargar_documento:158 - Descargado: wo88776 - INTERIOR DE LA SECRETARÍA DE ECONOMÍA...
2025-08-13 18:43:26.083 | INFO     | __main__:procesar_documento:233 - Procesado: wo88776 - 27 chunks
2025-08-13 18:43:29.036 | INFO     | __main__:descargar_documento:158 - Descargado: wo88745 - CRISTOBAL JAIME JAQUEZ, Director General de la Com...
2025-08-13 18:43:29.591 | INFO     | __main__:procesar_documento:233 - Procesado: wo88745 - 89 chunks
2025-08-13 18:43:30.656 | SUCCESS  | __main__:generar_embeddings_y_subir:330 - Subido a Pinecone: wo88776 - 27 chunks
2025-08-13 18:43:31.368 | INFO     | __main__:descargar_documento:158 - Descargado: wo88780 - INTERIOR DE LA SECRETARÍA DE LA DEFENSA NACIONAL...
2025-08-13 18:43:31.570 | INFO     | __main__:procesar_documento:233 - Procesado: wo88780 - 22 chunks
2025-08-13 18:43:35.705 | SUCCESS  | __main__:generar_embeddings_y_subir:330 - Subido a Pinecone: wo88780 - 22 chunks
2025-08-13 18:43:35.871 | ERROR    | __main__:descargar_documento:171 - Error descargando wo88781: ('Connection aborted.', RemoteDisconnected('Remote end closed connection without response'))
2025-08-13 18:43:38.093 | INFO     | __main__:descargar_documento:158 - Descargado: wo88785 - VICENTE FOX QUESADA, Presidente de los Estados Uni...
2025-08-13 18:43:38.333 | INFO     | __main__:procesar_documento:233 - Procesado: wo88785 - 40 chunks
2025-08-13 18:43:45.494 | SUCCESS  | __main__:generar_embeddings_y_subir:330 - Subido a Pinecone: wo88785 - 40 chunks
2025-08-13 18:43:50.006 | SUCCESS  | __main__:generar_embeddings_y_subir:330 - Subido a Pinecone: wo88745 - 89 chunks
2025-08-13 18:43:50.108 | INFO     | __main__:mostrar_progreso:365 - Progreso: 696 documentos | Descargados: 696 | Procesados: 696 | Subidos: 696 | Errores: 4
2025-08-13 18:43:50.373 | INFO     | __main__:descargar_documento:158 - Descargado: wo88797 - SECRETARIA DE AGRICULTURA, GANADERIA,...
2025-08-13 18:43:50.415 | INFO     | __main__:procesar_documento:233 - Procesado: wo88797 - 5 chunks
2025-08-13 18:43:51.106 | SUCCESS  | __main__:generar_embeddings_y_subir:330 - Subido a Pinecone: wo88797 - 5 chunks
2025-08-13 18:43:51.363 | INFO     | __main__:descargar_documento:158 - Descargado: wo88798 - SECRETARIA DE SALUD...
2025-08-13 18:43:51.432 | INFO     | __main__:procesar_documento:233 - Procesado: wo88798 - 3 chunks
2025-08-13 18:43:51.473 | INFO     | __main__:descargar_documento:158 - Descargado: wo88788 - SEGUNDA SECCION...
2025-08-13 18:43:54.377 | INFO     | __main__:procesar_documento:233 - Procesado: wo88788 - 20 chunks
2025-08-13 18:43:54.880 | SUCCESS  | __main__:generar_embeddings_y_subir:330 - Subido a Pinecone: wo88798 - 3 chunks
2025-08-13 18:43:55.157 | INFO     | __main__:descargar_documento:158 - Descargado: wo88799 - SECRETARIA DE HACIENDA Y CREDITO PUBLICO...
2025-08-13 18:43:55.192 | INFO     | __main__:procesar_documento:233 - Procesado: wo88799 - 4 chunks
2025-08-13 18:43:55.962 | SUCCESS  | __main__:generar_embeddings_y_subir:330 - Subido a Pinecone: wo88799 - 4 chunks
2025-08-13 18:43:56.442 | INFO     | __main__:descargar_documento:158 - Descargado: wo88877 - CONVENIO DE COORDINACIÓN PARA EL DESARROLLO DE LA ...
2025-08-13 18:43:56.464 | INFO     | __main__:procesar_documento:233 - Procesado: wo88877 - 3 chunks
2025-08-13 18:43:57.093 | SUCCESS  | __main__:generar_embeddings_y_subir:330 - Subido a Pinecone: wo88877 - 3 chunks
2025-08-13 18:43:57.352 | INFO     | __main__:descargar_documento:158 - Descargado: wo88881 - SECRETARIA DE SALUD...
2025-08-13 18:43:57.375 | INFO     | __main__:procesar_documento:233 - Procesado: wo88881 - 3 chunks
2025-08-13 18:43:57.802 | SUCCESS  | __main__:generar_embeddings_y_subir:330 - Subido a Pinecone: wo88788 - 20 chunks
2025-08-13 18:43:57.965 | SUCCESS  | __main__:generar_embeddings_y_subir:330 - Subido a Pinecone: wo88881 - 3 chunks
2025-08-13 18:43:58.068 | INFO     | __main__:descargar_documento:158 - Descargado: wo88790 - CG306/2008...
2025-08-13 18:43:58.098 | INFO     | __main__:procesar_documento:233 - Procesado: wo88790 - 7 chunks
2025-08-13 18:43:58.174 | INFO     | __main__:descargar_documento:158 - Descargado: wo88891 - CONSEJO DE SALUBRIDAD GENERAL...
2025-08-13 18:43:58.211 | INFO     | __main__:procesar_documento:233 - Procesado: wo88891 - 4 chunks
2025-08-13 18:43:59.046 | SUCCESS  | __main__:generar_embeddings_y_subir:330 - Subido a Pinecone: wo88891 - 4 chunks
2025-08-13 18:43:59.373 | INFO     | __main__:descargar_documento:158 - Descargado: wo88894 - SECRETARIA DE DESARROLLO SOCIAL...
2025-08-13 18:43:59.424 | INFO     | __main__:procesar_documento:233 - Procesado: wo88894 - 7 chunks
2025-08-13 18:43:59.522 | SUCCESS  | __main__:generar_embeddings_y_subir:330 - Subido a Pinecone: wo88790 - 7 chunks
2025-08-13 18:43:59.966 | INFO     | __main__:descargar_documento:158 - Descargado: wo88791 - Documento Federal wo88791...
2025-08-13 18:44:00.048 | INFO     | __main__:procesar_documento:233 - Procesado: wo88791 - 14 chunks
2025-08-13 18:44:00.613 | SUCCESS  | __main__:generar_embeddings_y_subir:330 - Subido a Pinecone: wo88894 - 7 chunks
2025-08-13 18:44:01.388 | INFO     | __main__:descargar_documento:158 - Descargado: wo88895 - Microsoft Word - Reg03.doc...
2025-08-13 18:44:01.534 | INFO     | __main__:procesar_documento:233 - Procesado: wo88895 - 20 chunks
2025-08-13 18:44:02.291 | SUCCESS  | __main__:generar_embeddings_y_subir:330 - Subido a Pinecone: wo88791 - 14 chunks
2025-08-13 18:44:02.444 | INFO     | __main__:descargar_documento:158 - Descargado: wo88795 - SECRETARIA DE AGRICULTURA, GANADERIA,...
2025-08-13 18:44:02.459 | INFO     | __main__:procesar_documento:233 - Procesado: wo88795 - 2 chunks
2025-08-13 18:44:03.004 | SUCCESS  | __main__:generar_embeddings_y_subir:330 - Subido a Pinecone: wo88795 - 2 chunks
2025-08-13 18:44:03.201 | INFO     | __main__:descargar_documento:158 - Descargado: wo88796 - SECRETARIA DE SALUD...
2025-08-13 18:44:03.254 | INFO     | __main__:procesar_documento:233 - Procesado: wo88796 - 5 chunks
2025-08-13 18:44:04.057 | SUCCESS  | __main__:generar_embeddings_y_subir:330 - Subido a Pinecone: wo88796 - 5 chunks
2025-08-13 18:44:04.546 | INFO     | __main__:descargar_documento:158 - Descargado: wo88954 - DireccionD...
2025-08-13 18:44:04.642 | SUCCESS  | __main__:generar_embeddings_y_subir:330 - Subido a Pinecone: wo88895 - 20 chunks
2025-08-13 18:44:04.778 | INFO     | __main__:procesar_documento:233 - Procesado: wo88954 - 3 chunks
2025-08-13 18:44:05.250 | SUCCESS  | __main__:generar_embeddings_y_subir:330 - Subido a Pinecone: wo88954 - 3 chunks
2025-08-13 18:44:05.494 | INFO     | __main__:descargar_documento:158 - Descargado: wo88896 - Microsoft Word - Reg07.doc...
2025-08-13 18:44:05.629 | INFO     | __main__:procesar_documento:233 - Procesado: wo88896 - 22 chunks
2025-08-13 18:44:06.647 | INFO     | __main__:descargar_documento:158 - Descargado: wo88965 - operar_estaciones_radioelectricas_del_Servicio_de_...
2025-08-13 18:44:07.857 | INFO     | __main__:procesar_documento:233 - Procesado: wo88965 - 6 chunks
2025-08-13 18:44:09.197 | SUCCESS  | __main__:generar_embeddings_y_subir:330 - Subido a Pinecone: wo88965 - 6 chunks
2025-08-13 18:44:09.374 | INFO     | __main__:descargar_documento:158 - Descargado: wo88970 - SECRETARIA DE COMUNICACIONES Y TRANSPORTES...
2025-08-13 18:44:09.402 | INFO     | __main__:procesar_documento:233 - Procesado: wo88970 - 3 chunks
2025-08-13 18:44:10.018 | SUCCESS  | __main__:generar_embeddings_y_subir:330 - Subido a Pinecone: wo88896 - 22 chunks
2025-08-13 18:44:10.150 | SUCCESS  | __main__:generar_embeddings_y_subir:330 - Subido a Pinecone: wo88970 - 3 chunks
2025-08-13 18:44:10.184 | INFO     | __main__:descargar_documento:158 - Descargado: wo88952 - SECRETARIA DE MARINA...
2025-08-13 18:44:10.197 | INFO     | __main__:procesar_documento:233 - Procesado: wo88952 - 2 chunks
2025-08-13 18:44:10.350 | INFO     | __main__:descargar_documento:158 - Descargado: wo88976 - SECRETARIA DE GOBERNACION...
2025-08-13 18:44:10.369 | INFO     | __main__:procesar_documento:233 - Procesado: wo88976 - 6 chunks
2025-08-13 18:44:10.617 | SUCCESS  | __main__:generar_embeddings_y_subir:330 - Subido a Pinecone: wo88952 - 2 chunks
2025-08-13 18:44:10.808 | INFO     | __main__:descargar_documento:158 - Descargado: wo88978 - SECRETARIA DE MEDIO AMBIENTE...
2025-08-13 18:44:10.823 | INFO     | __main__:procesar_documento:233 - Procesado: wo88978 - 2 chunks
2025-08-13 18:44:11.450 | SUCCESS  | __main__:generar_embeddings_y_subir:330 - Subido a Pinecone: wo88976 - 6 chunks
2025-08-13 18:44:11.707 | INFO     | __main__:descargar_documento:158 - Descargado: wo88977 - INSTITUTO FEDERAL ELECTORAL...
2025-08-13 18:44:11.780 | INFO     | __main__:procesar_documento:233 - Procesado: wo88977 - 10 chunks
2025-08-13 18:44:11.988 | SUCCESS  | __main__:generar_embeddings_y_subir:330 - Subido a Pinecone: wo88978 - 2 chunks
2025-08-13 18:44:12.418 | INFO     | __main__:descargar_documento:158 - Descargado: wo88979 - INSTITUTO DE SEGURIDAD Y SERVICIOS...
2025-08-13 18:44:12.533 | INFO     | __main__:procesar_documento:233 - Procesado: wo88979 - 16 chunks
2025-08-13 18:44:15.402 | SUCCESS  | __main__:generar_embeddings_y_subir:330 - Subido a Pinecone: wo88979 - 16 chunks
2025-08-13 18:44:15.589 | INFO     | __main__:descargar_documento:158 - Descargado: wo88985 - INSTITUTO DEL FONDO NACIONAL...
2025-08-13 18:44:15.610 | INFO     | __main__:procesar_documento:233 - Procesado: wo88985 - 4 chunks
2025-08-13 18:44:15.987 | SUCCESS  | __main__:generar_embeddings_y_subir:330 - Subido a Pinecone: wo88977 - 10 chunks
2025-08-13 18:44:16.820 | INFO     | __main__:descargar_documento:158 - Descargado: wo88993 - CG199/2011...
2025-08-13 18:44:16.851 | INFO     | __main__:procesar_documento:233 - Procesado: wo88993 - 8 chunks
2025-08-13 18:44:17.030 | SUCCESS  | __main__:generar_embeddings_y_subir:330 - Subido a Pinecone: wo88985 - 4 chunks
2025-08-13 18:44:17.273 | INFO     | __main__:descargar_documento:158 - Descargado: wo88986 - SECRETARIA DE EDUCACION PUBLICA...
2025-08-13 18:44:17.321 | INFO     | __main__:procesar_documento:233 - Procesado: wo88986 - 4 chunks
2025-08-13 18:44:18.919 | SUCCESS  | __main__:generar_embeddings_y_subir:330 - Subido a Pinecone: wo88986 - 4 chunks
2025-08-13 18:44:18.947 | SUCCESS  | __main__:generar_embeddings_y_subir:330 - Subido a Pinecone: wo88993 - 8 chunks
2025-08-13 18:44:19.181 | INFO     | __main__:descargar_documento:158 - Descargado: wo88992 - MANUEL AGUSTIN REED SEGOVIA, Director General de l...
2025-08-13 18:44:19.199 | INFO     | __main__:procesar_documento:233 - Procesado: wo88992 - 5 chunks
2025-08-13 18:44:21.188 | SUCCESS  | __main__:generar_embeddings_y_subir:330 - Subido a Pinecone: wo88992 - 5 chunks
2025-08-13 18:44:21.290 | INFO     | __main__:mostrar_progreso:365 - Progreso: 722 documentos | Descargados: 722 | Procesados: 722 | Subidos: 722 | Errores: 4
2025-08-13 18:44:24.466 | INFO     | __main__:descargar_documento:158 - Descargado: wo88994 - Microsoft Word - 201306121321228533...
2025-08-13 18:44:24.990 | INFO     | __main__:procesar_documento:233 - Procesado: wo88994 - 4 chunks
2025-08-13 18:44:26.251 | SUCCESS  | __main__:generar_embeddings_y_subir:330 - Subido a Pinecone: wo88994 - 4 chunks
2025-08-13 18:44:26.409 | INFO     | __main__:descargar_documento:158 - Descargado: wo88928 - INSTITUTO DE SEGURIDAD Y SERVICIOS SOCIALES...
2025-08-13 18:44:26.637 | INFO     | __main__:procesar_documento:233 - Procesado: wo88928 - 29 chunks
2025-08-13 18:44:32.699 | SUCCESS  | __main__:generar_embeddings_y_subir:330 - Subido a Pinecone: wo88928 - 29 chunks
2025-08-13 18:44:35.634 | INFO     | __main__:descargar_documento:158 - Descargado: wo88998 - DIARIO                   OFICIAL...
2025-08-13 18:44:35.986 | INFO     | __main__:procesar_documento:233 - Procesado: wo88998 - 6 chunks
2025-08-13 18:44:36.131 | INFO     | __main__:descargar_documento:158 - Descargado: wo88929 - INSTITUTO DE SEGURIDAD Y SERVICIOS SOCIALES...
2025-08-13 18:44:36.441 | INFO     | __main__:procesar_documento:233 - Procesado: wo88929 - 42 chunks
2025-08-13 18:44:38.649 | SUCCESS  | __main__:generar_embeddings_y_subir:330 - Subido a Pinecone: wo88998 - 6 chunks
2025-08-13 18:44:43.041 | INFO     | __main__:descargar_documento:158 - Descargado: wo88926 - Al margen un sello con el Escudo Nacional, que dic...
2025-08-13 18:44:44.032 | INFO     | __main__:procesar_documento:233 - Procesado: wo88926 - 6 chunks
2025-08-13 18:44:45.209 | SUCCESS  | __main__:generar_embeddings_y_subir:330 - Subido a Pinecone: wo88926 - 6 chunks
2025-08-13 18:44:46.273 | SUCCESS  | __main__:generar_embeddings_y_subir:330 - Subido a Pinecone: wo88929 - 42 chunks
2025-08-13 18:44:47.253 | INFO     | __main__:descargar_documento:158 - Descargado: wo88927 - SEGURIDAD Y SERVICIOS SOCIALES DE LOS TRABAJADORES...
2025-08-13 18:44:47.345 | INFO     | __main__:procesar_documento:233 - Procesado: wo88927 - 10 chunks
2025-08-13 18:44:49.642 | SUCCESS  | __main__:generar_embeddings_y_subir:330 - Subido a Pinecone: wo88927 - 10 chunks
2025-08-13 18:44:49.882 | INFO     | __main__:descargar_documento:158 - Descargado: wo88930 - INSTITUTO DE SEGURIDAD Y SERVICIOS SOCIALES...
2025-08-13 18:44:49.929 | INFO     | __main__:procesar_documento:233 - Procesado: wo88930 - 5 chunks
2025-08-13 18:44:50.933 | SUCCESS  | __main__:generar_embeddings_y_subir:330 - Subido a Pinecone: wo88930 - 5 chunks
2025-08-13 18:44:53.396 | INFO     | __main__:descargar_documento:158 - Descargado: wo88936 - Microsoft Word - 201306061151379686...
2025-08-13 18:44:54.587 | INFO     | __main__:procesar_documento:233 - Procesado: wo88936 - 9 chunks
2025-08-13 18:44:55.814 | INFO     | __main__:descargar_documento:158 - Descargado: wo88931 - INSTITUTO DE SEGURIDAD Y SERVICIOS SOCIALES...
2025-08-13 18:44:55.975 | INFO     | __main__:procesar_documento:233 - Procesado: wo88931 - 19 chunks
2025-08-13 18:44:56.370 | SUCCESS  | __main__:generar_embeddings_y_subir:330 - Subido a Pinecone: wo88936 - 9 chunks
2025-08-13 18:44:56.779 | INFO     | __main__:descargar_documento:158 - Descargado: wo88937 - SECRETARIA DE MARINA...
2025-08-13 18:44:56.816 | INFO     | __main__:procesar_documento:233 - Procesado: wo88937 - 5 chunks
2025-08-13 18:44:57.809 | SUCCESS  | __main__:generar_embeddings_y_subir:330 - Subido a Pinecone: wo88937 - 5 chunks
2025-08-13 18:44:58.100 | INFO     | __main__:descargar_documento:158 - Descargado: wo88938 - SECRETARIA DE MARINA...
2025-08-13 18:44:58.148 | INFO     | __main__:procesar_documento:233 - Procesado: wo88938 - 5 chunks
2025-08-13 18:44:58.902 | SUCCESS  | __main__:generar_embeddings_y_subir:330 - Subido a Pinecone: wo88938 - 5 chunks
2025-08-13 18:44:59.146 | INFO     | __main__:descargar_documento:158 - Descargado: wo88939 - SECRETARIA DE MARINA...
2025-08-13 18:44:59.193 | INFO     | __main__:procesar_documento:233 - Procesado: wo88939 - 5 chunks
2025-08-13 18:44:59.342 | SUCCESS  | __main__:generar_embeddings_y_subir:330 - Subido a Pinecone: wo88931 - 19 chunks
2025-08-13 18:44:59.538 | INFO     | __main__:descargar_documento:158 - Descargado: wo88933 - PARA CAMPAÑAS DE SANIDAD ANIMAL...
2025-08-13 18:44:59.552 | INFO     | __main__:procesar_documento:233 - Procesado: wo88933 - 3 chunks
2025-08-13 18:44:59.989 | SUCCESS  | __main__:generar_embeddings_y_subir:330 - Subido a Pinecone: wo88939 - 5 chunks
2025-08-13 18:45:00.183 | SUCCESS  | __main__:generar_embeddings_y_subir:330 - Subido a Pinecone: wo88933 - 3 chunks
2025-08-13 18:45:00.225 | INFO     | __main__:descargar_documento:158 - Descargado: wo88940 - SECRETARIA DE MARINA...
2025-08-13 18:45:00.305 | INFO     | __main__:procesar_documento:233 - Procesado: wo88940 - 5 chunks
2025-08-13 18:45:00.478 | INFO     | __main__:descargar_documento:158 - Descargado: wo88941 - SECRETARIA DE MARINA...
2025-08-13 18:45:00.523 | INFO     | __main__:procesar_documento:233 - Procesado: wo88941 - 5 chunks
2025-08-13 18:45:01.283 | SUCCESS  | __main__:generar_embeddings_y_subir:330 - Subido a Pinecone: wo88940 - 5 chunks
2025-08-13 18:45:01.387 | SUCCESS  | __main__:generar_embeddings_y_subir:330 - Subido a Pinecone: wo88941 - 5 chunks
2025-08-13 18:45:01.528 | INFO     | __main__:descargar_documento:158 - Descargado: wo88946 - INSTITUTO DE SEGURIDAD Y SERVICIOS SOCIALES DE LOS...
2025-08-13 18:45:01.554 | INFO     | __main__:procesar_documento:233 - Procesado: wo88946 - 5 chunks
2025-08-13 18:45:01.861 | INFO     | __main__:descargar_documento:158 - Descargado: wo88942 - SECRETARIA DE MARINA...
2025-08-13 18:45:01.925 | INFO     | __main__:procesar_documento:233 - Procesado: wo88942 - 4 chunks
2025-08-13 18:45:02.619 | SUCCESS  | __main__:generar_embeddings_y_subir:330 - Subido a Pinecone: wo88946 - 5 chunks
2025-08-13 18:45:02.763 | SUCCESS  | __main__:generar_embeddings_y_subir:330 - Subido a Pinecone: wo88942 - 4 chunks
2025-08-13 18:45:03.008 | INFO     | __main__:descargar_documento:158 - Descargado: wo88948 - INSTITUTO FEDERAL ELECTORAL...
2025-08-13 18:45:03.067 | INFO     | __main__:procesar_documento:233 - Procesado: wo88948 - 8 chunks
2025-08-13 18:45:03.086 | INFO     | __main__:descargar_documento:158 - Descargado: wo88943 - SECRETARIA DE MARINA...
2025-08-13 18:45:03.136 | INFO     | __main__:procesar_documento:233 - Procesado: wo88943 - 5 chunks
2025-08-13 18:45:04.192 | SUCCESS  | __main__:generar_embeddings_y_subir:330 - Subido a Pinecone: wo88943 - 5 chunks
2025-08-13 18:45:04.508 | SUCCESS  | __main__:generar_embeddings_y_subir:330 - Subido a Pinecone: wo88948 - 8 chunks
2025-08-13 18:45:04.536 | INFO     | __main__:descargar_documento:158 - Descargado: wo88944 - SECRETARIA DE MARINA...
2025-08-13 18:45:04.599 | INFO     | __main__:procesar_documento:233 - Procesado: wo88944 - 5 chunks
2025-08-13 18:45:04.835 | INFO     | __main__:descargar_documento:158 - Descargado: wo89001 - INSTITUTO FEDERAL ELECTORAL...
2025-08-13 18:45:04.887 | INFO     | __main__:procesar_documento:233 - Procesado: wo89001 - 5 chunks
2025-08-13 18:45:05.655 | SUCCESS  | __main__:generar_embeddings_y_subir:330 - Subido a Pinecone: wo88944 - 5 chunks
2025-08-13 18:45:05.959 | SUCCESS  | __main__:generar_embeddings_y_subir:330 - Subido a Pinecone: wo89001 - 5 chunks
2025-08-13 18:45:06.011 | INFO     | __main__:descargar_documento:158 - Descargado: wo88945 - SECRETARIA DE MARINA...
2025-08-13 18:45:06.052 | INFO     | __main__:procesar_documento:233 - Procesado: wo88945 - 5 chunks
2025-08-13 18:45:06.277 | INFO     | __main__:descargar_documento:158 - Descargado: wo89002 - PARA LA PROTECCIÓN DE AMBIENTE CONTRA LA CONTAMINA...
2025-08-13 18:45:06.301 | INFO     | __main__:procesar_documento:233 - Procesado: wo89002 - 7 chunks
2025-08-13 18:45:07.246 | SUCCESS  | __main__:generar_embeddings_y_subir:330 - Subido a Pinecone: wo88945 - 5 chunks
2025-08-13 18:45:07.450 | INFO     | __main__:descargar_documento:158 - Descargado: wo89005 - PARA LAS UNIDADES EJECUTORAS DE PAGO DEL EJÉRCITO ...
2025-08-13 18:45:07.493 | INFO     | __main__:procesar_documento:233 - Procesado: wo89005 - 3 chunks
2025-08-13 18:45:07.577 | SUCCESS  | __main__:generar_embeddings_y_subir:330 - Subido a Pinecone: wo89002 - 7 chunks
2025-08-13 18:45:07.786 | INFO     | __main__:descargar_documento:158 - Descargado: wo89003 - INSTITUTO FEDERAL ELECTORAL...
2025-08-13 18:45:07.810 | INFO     | __main__:procesar_documento:233 - Procesado: wo89003 - 4 chunks
2025-08-13 18:45:07.959 | SUCCESS  | __main__:generar_embeddings_y_subir:330 - Subido a Pinecone: wo89005 - 3 chunks
2025-08-13 18:45:08.139 | INFO     | __main__:descargar_documento:158 - Descargado: wo89008 - PODER JUDICIAL...
2025-08-13 18:45:08.150 | INFO     | __main__:procesar_documento:233 - Procesado: wo89008 - 2 chunks
2025-08-13 18:45:08.609 | SUCCESS  | __main__:generar_embeddings_y_subir:330 - Subido a Pinecone: wo89008 - 2 chunks
2025-08-13 18:45:08.631 | SUCCESS  | __main__:generar_embeddings_y_subir:330 - Subido a Pinecone: wo89003 - 4 chunks
2025-08-13 18:45:08.734 | INFO     | __main__:mostrar_progreso:365 - Progreso: 748 documentos | Descargados: 748 | Procesados: 748 | Subidos: 748 | Errores: 4
2025-08-13 18:45:08.851 | INFO     | __main__:descargar_documento:158 - Descargado: wo89009 - INSTITUTO FEDERAL ELECTORAL...
2025-08-13 18:45:08.869 | INFO     | __main__:procesar_documento:233 - Procesado: wo89009 - 4 chunks
2025-08-13 18:45:09.008 | INFO     | __main__:descargar_documento:158 - Descargado: wo89282 - Documento Federal wo89282...
2025-08-13 18:45:09.022 | INFO     | __main__:procesar_documento:233 - Procesado: wo89282 - 4 chunks
2025-08-13 18:45:09.631 | SUCCESS  | __main__:generar_embeddings_y_subir:330 - Subido a Pinecone: wo89009 - 4 chunks
2025-08-13 18:45:09.821 | SUCCESS  | __main__:generar_embeddings_y_subir:330 - Subido a Pinecone: wo89282 - 4 chunks
2025-08-13 18:45:10.330 | INFO     | __main__:descargar_documento:158 - Descargado: wo90814 - Documento Federal wo90814...
2025-08-13 18:45:10.380 | INFO     | __main__:procesar_documento:233 - Procesado: wo90814 - 5 chunks
2025-08-13 18:45:10.801 | INFO     | __main__:descargar_documento:158 - Descargado: wo89011 - QUE ESTABLECE LOS LINEAMIENTOS, FORMATOS E INSTRUC...
2025-08-13 18:45:10.902 | INFO     | __main__:procesar_documento:233 - Procesado: wo89011 - 15 chunks
2025-08-13 18:45:11.296 | SUCCESS  | __main__:generar_embeddings_y_subir:330 - Subido a Pinecone: wo90814 - 5 chunks
2025-08-13 18:45:13.503 | SUCCESS  | __main__:generar_embeddings_y_subir:330 - Subido a Pinecone: wo89011 - 15 chunks
2025-08-13 18:45:16.688 | INFO     | __main__:descargar_documento:158 - Descargado: wo89252 - SECRETARIA DE TURISMO...
2025-08-13 18:45:16.810 | INFO     | __main__:procesar_documento:233 - Procesado: wo89252 - 25 chunks
2025-08-13 18:45:22.109 | SUCCESS  | __main__:generar_embeddings_y_subir:330 - Subido a Pinecone: wo89252 - 25 chunks
2025-08-13 18:45:35.051 | INFO     | __main__:descargar_documento:158 - Descargado: wo92363 - CÓDIGO NACIONAL DE...
2025-08-13 18:45:35.605 | INFO     | __main__:procesar_documento:233 - Procesado: wo92363 - 83 chunks
2025-08-13 18:45:37.994 | INFO     | __main__:descargar_documento:158 - Descargado: wo90880 - DISPOSICIONES DE VIGENCIA ANUAL...
2025-08-13 18:45:41.874 | INFO     | __main__:procesar_documento:233 - Procesado: wo90880 - 274 chunks
2025-08-13 18:45:56.208 | SUCCESS  | __main__:generar_embeddings_y_subir:330 - Subido a Pinecone: wo92363 - 83 chunks
2025-08-13 18:45:58.455 | INFO     | __main__:descargar_documento:158 - Descargado: wo92541 - SECRETARIA DE EDUCACION PUBLICA...
2025-08-13 18:45:58.614 | INFO     | __main__:procesar_documento:233 - Procesado: wo92541 - 39 chunks
2025-08-13 18:46:08.244 | SUCCESS  | __main__:generar_embeddings_y_subir:330 - Subido a Pinecone: wo92541 - 39 chunks
2025-08-13 18:46:10.527 | INFO     | __main__:descargar_documento:158 - Descargado: wo94135 - SECRETARIA DE MARINA...
2025-08-13 18:46:10.546 | INFO     | __main__:procesar_documento:233 - Procesado: wo94135 - 3 chunks
2025-08-13 18:46:11.244 | SUCCESS  | __main__:generar_embeddings_y_subir:330 - Subido a Pinecone: wo94135 - 3 chunks
2025-08-13 18:46:11.476 | INFO     | __main__:descargar_documento:158 - Descargado: wo95380 - SECRETARIA DE DESARROLLO SOCIAL...
2025-08-13 18:46:11.501 | INFO     | __main__:procesar_documento:233 - Procesado: wo95380 - 4 chunks
2025-08-13 18:46:12.318 | SUCCESS  | __main__:generar_embeddings_y_subir:330 - Subido a Pinecone: wo95380 - 4 chunks
2025-08-13 18:46:20.630 | INFO     | __main__:descargar_documento:158 - Descargado: wo95383 - Documento Federal wo95383...
2025-08-13 18:46:21.867 | INFO     | __main__:procesar_documento:233 - Procesado: wo95383 - 158 chunks
2025-08-13 18:46:29.477 | SUCCESS  | __main__:generar_embeddings_y_subir:330 - Subido a Pinecone: wo90880 - 274 chunks
2025-08-13 18:46:30.076 | INFO     | __main__:descargar_documento:158 - Descargado: wo91808 - INSTITUTO FEDERAL DE ACCESO A LA INFORMACION...
2025-08-13 18:46:30.126 | INFO     | __main__:procesar_documento:233 - Procesado: wo91808 - 13 chunks
2025-08-13 18:46:32.279 | SUCCESS  | __main__:generar_embeddings_y_subir:330 - Subido a Pinecone: wo91808 - 13 chunks
2025-08-13 18:46:33.011 | INFO     | __main__:descargar_documento:158 - Descargado: wo92033 - COMISION FEDERAL DE COMPETENCIA ECONOMICA...
2025-08-13 18:46:33.356 | INFO     | __main__:procesar_documento:233 - Procesado: wo92033 - 14 chunks
2025-08-13 18:46:35.622 | SUCCESS  | __main__:generar_embeddings_y_subir:330 - Subido a Pinecone: wo92033 - 14 chunks
2025-08-13 18:46:36.119 | INFO     | __main__:descargar_documento:158 - Descargado: wo96247 - FELIPE DE JESÚS CALDERÓN HINOJOSA, Presidente de l...
2025-08-13 18:46:36.150 | INFO     | __main__:procesar_documento:233 - Procesado: wo96247 - 5 chunks
2025-08-13 18:46:36.979 | SUCCESS  | __main__:generar_embeddings_y_subir:330 - Subido a Pinecone: wo96247 - 5 chunks
2025-08-13 18:46:37.269 | INFO     | __main__:descargar_documento:158 - Descargado: wo96895 - Documento Federal wo96895...
2025-08-13 18:46:37.285 | INFO     | __main__:procesar_documento:233 - Procesado: wo96895 - 4 chunks
2025-08-13 18:46:37.980 | SUCCESS  | __main__:generar_embeddings_y_subir:330 - Subido a Pinecone: wo96895 - 4 chunks
2025-08-13 18:46:41.673 | INFO     | __main__:descargar_documento:158 - Descargado: wo96846 - CONTABILIDAD GUBERNAMENTAL...
2025-08-13 18:46:41.898 | INFO     | __main__:procesar_documento:233 - Procesado: wo96846 - 26 chunks
2025-08-13 18:46:46.785 | SUCCESS  | __main__:generar_embeddings_y_subir:330 - Subido a Pinecone: wo96846 - 26 chunks
2025-08-13 18:46:47.112 | SUCCESS  | __main__:generar_embeddings_y_subir:330 - Subido a Pinecone: wo95383 - 158 chunks
2025-08-13 18:46:48.075 | INFO     | __main__:descargar_documento:158 - Descargado: wo97691 - SECRETARIA DEL TRABAJO Y PREVISION SOCIAL...
2025-08-13 18:46:48.191 | INFO     | __main__:procesar_documento:233 - Procesado: wo97691 - 29 chunks
2025-08-13 18:46:48.510 | INFO     | __main__:descargar_documento:158 - Descargado: wo98025 - Documento Federal wo98025...
2025-08-13 18:46:48.661 | INFO     | __main__:procesar_documento:233 - Procesado: wo98025 - 27 chunks
2025-08-13 18:46:53.828 | SUCCESS  | __main__:generar_embeddings_y_subir:330 - Subido a Pinecone: wo97691 - 29 chunks
2025-08-13 18:46:54.185 | SUCCESS  | __main__:generar_embeddings_y_subir:330 - Subido a Pinecone: wo98025 - 27 chunks
2025-08-13 18:46:54.383 | INFO     | __main__:descargar_documento:158 - Descargado: wo98021 - SECRETARIA DE ENERGIA...
2025-08-13 18:46:54.430 | INFO     | __main__:procesar_documento:233 - Procesado: wo98021 - 9 chunks
2025-08-13 18:46:54.674 | INFO     | __main__:descargar_documento:158 - Descargado: wo98866 - INSTITUTO FEDERAL DE ACCESO A LA INFORMACION...
2025-08-13 18:46:54.708 | INFO     | __main__:procesar_documento:233 - Procesado: wo98866 - 4 chunks
2025-08-13 18:46:55.514 | SUCCESS  | __main__:generar_embeddings_y_subir:330 - Subido a Pinecone: wo98866 - 4 chunks
2025-08-13 18:46:56.718 | SUCCESS  | __main__:generar_embeddings_y_subir:330 - Subido a Pinecone: wo98021 - 9 chunks
2025-08-13 18:46:59.319 | INFO     | __main__:descargar_documento:158 - Descargado: wo99663 - SECRETARIA DEL TRABAJO Y PREVISION SOCIAL...
2025-08-13 18:46:59.373 | INFO     | __main__:procesar_documento:233 - Procesado: wo99663 - 10 chunks
2025-08-13 18:47:00.064 | INFO     | __main__:descargar_documento:158 - Descargado: wo99532 - De la Unidad General de Asuntos Jurídicos y sus un...
2025-08-13 18:47:00.635 | INFO     | __main__:procesar_documento:233 - Procesado: wo99532 - 77 chunks
2025-08-13 18:47:02.523 | SUCCESS  | __main__:generar_embeddings_y_subir:330 - Subido a Pinecone: wo99663 - 10 chunks
2025-08-13 18:47:08.213 | INFO     | __main__:descargar_documento:158 - Descargado: wo99696 - SECRETARIA DE MEDIO AMBIENTE Y RECURSOS...
2025-08-13 18:47:08.380 | INFO     | __main__:procesar_documento:233 - Procesado: wo99696 - 36 chunks
2025-08-13 18:47:15.484 | SUCCESS  | __main__:generar_embeddings_y_subir:330 - Subido a Pinecone: wo99696 - 36 chunks
2025-08-13 18:47:16.212 | SUCCESS  | __main__:generar_embeddings_y_subir:330 - Subido a Pinecone: wo99532 - 77 chunks
2025-08-13 18:47:17.923 | INFO     | __main__:descargar_documento:158 - Descargado: wo99810 - Documento Federal wo99810...
2025-08-13 18:47:18.022 | INFO     | __main__:descargar_documento:158 - Descargado: wo99571 - INSTITUTO NACIONAL ELECTORAL...
2025-08-13 18:47:18.085 | INFO     | __main__:procesar_documento:233 - Procesado: wo99810 - 32 chunks
2025-08-13 18:47:18.094 | INFO     | __main__:procesar_documento:233 - Procesado: wo99571 - 18 chunks
2025-08-13 18:47:22.542 | SUCCESS  | __main__:generar_embeddings_y_subir:330 - Subido a Pinecone: wo99571 - 18 chunks
2025-08-13 18:47:23.138 | INFO     | __main__:descargar_documento:158 - Descargado: wo99662 - SECRETARIA DE LA DEFENSA NACIONAL...
2025-08-13 18:47:23.171 | INFO     | __main__:procesar_documento:233 - Procesado: wo99662 - 4 chunks
2025-08-13 18:47:23.849 | SUCCESS  | __main__:generar_embeddings_y_subir:330 - Subido a Pinecone: wo99662 - 4 chunks
2025-08-13 18:47:23.950 | INFO     | __main__:mostrar_progreso:365 - Progreso: 773 documentos | Descargados: 774 | Procesados: 774 | Subidos: 773 | Errores: 4
2025-08-13 18:47:24.546 | SUCCESS  | __main__:generar_embeddings_y_subir:330 - Subido a Pinecone: wo99810 - 32 chunks
2025-08-13 18:47:24.951 | INFO     | __main__:descargar_documento:158 - Descargado: wo99911 - INSTITUTO NACIONAL ELECTORAL...
2025-08-13 18:47:25.064 | INFO     | __main__:procesar_documento:233 - Procesado: wo99911 - 27 chunks
2025-08-13 18:47:27.889 | INFO     | __main__:descargar_documento:158 - Descargado: wo99823 - Documento Federal wo99823...
2025-08-13 18:47:28.095 | INFO     | __main__:procesar_documento:233 - Procesado: wo99823 - 22 chunks
2025-08-13 18:47:32.617 | SUCCESS  | __main__:generar_embeddings_y_subir:330 - Subido a Pinecone: wo99911 - 27 chunks
2025-08-13 18:47:33.606 | SUCCESS  | __main__:generar_embeddings_y_subir:330 - Subido a Pinecone: wo99823 - 22 chunks
2025-08-13 18:47:35.106 | INFO     | __main__:descargar_documento:158 - Descargado: wo99936 - Al margen un sello con el Escudo Nacional, que dic...
2025-08-13 18:47:35.354 | INFO     | __main__:procesar_documento:233 - Procesado: wo99936 - 37 chunks
2025-08-13 18:47:35.936 | INFO     | __main__:descargar_documento:158 - Descargado: wo99824 - SECRETARIA DEL TRABAJO Y PREVISION SOCIAL...
2025-08-13 18:47:36.373 | INFO     | __main__:procesar_documento:233 - Procesado: wo99824 - 25 chunks
2025-08-13 18:47:42.562 | SUCCESS  | __main__:generar_embeddings_y_subir:330 - Subido a Pinecone: wo99824 - 25 chunks
2025-08-13 18:47:44.356 | SUCCESS  | __main__:generar_embeddings_y_subir:330 - Subido a Pinecone: wo99936 - 37 chunks
2025-08-13 18:48:34.249 | INFO     | __main__:descargar_documento:158 - Descargado: wo99955 - Documento Federal wo99955...
2025-08-13 18:48:41.564 | INFO     | __main__:procesar_documento:233 - Procesado: wo99955 - 121 chunks
2025-08-13 18:48:56.890 | SUCCESS  | __main__:generar_embeddings_y_subir:330 - Subido a Pinecone: wo99955 - 121 chunks
2025-08-13 18:48:57.002 | SUCCESS  | __main__:generar_reporte_final:422 - 
============================================================
2025-08-13 18:48:57.004 | SUCCESS  | __main__:generar_reporte_final:423 - REPORTE FINAL DE PROCESAMIENTO
2025-08-13 18:48:57.006 | SUCCESS  | __main__:generar_reporte_final:424 - ============================================================
2025-08-13 18:48:57.007 | SUCCESS  | __main__:generar_reporte_final:425 - Documentos descargados: 779
2025-08-13 18:48:57.008 | SUCCESS  | __main__:generar_reporte_final:426 - Documentos procesados: 779
2025-08-13 18:48:57.010 | SUCCESS  | __main__:generar_reporte_final:427 - Documentos subidos a Pinecone: 779
2025-08-13 18:48:57.012 | SUCCESS  | __main__:generar_reporte_final:428 - Errores de descarga: 4
2025-08-13 18:48:57.013 | SUCCESS  | __main__:generar_reporte_final:429 - Errores de procesamiento: 0
2025-08-13 18:48:57.014 | SUCCESS  | __main__:generar_reporte_final:430 - Errores de subida: 0
2025-08-13 18:48:57.015 | SUCCESS  | __main__:generar_reporte_final:431 - Tasa de éxito general: 100.0%
2025-08-13 18:48:57.015 | SUCCESS  | __main__:generar_reporte_final:432 - ============================================================
